-- phpMyAdmin SQL Dump
-- version 5.2.1
-- https://www.phpmyadmin.net/
--
-- 主機： 127.0.0.1
-- 產生時間： 2025-01-15 13:25:40
-- 伺服器版本： 8.0.40
-- PHP 版本： 8.2.12

SET SQL_MODE = "NO_AUTO_VALUE_ON_ZERO";
START TRANSACTION;
SET time_zone = "+00:00";


/*!40101 SET @OLD_CHARACTER_SET_CLIENT=@@CHARACTER_SET_CLIENT */;
/*!40101 SET @OLD_CHARACTER_SET_RESULTS=@@CHARACTER_SET_RESULTS */;
/*!40101 SET @OLD_COLLATION_CONNECTION=@@COLLATION_CONNECTION */;
/*!40101 SET NAMES utf8mb4 */;

--
-- 資料庫： `pet_proj`
--
CREATE DATABASE IF NOT EXISTS `pet_proj` DEFAULT CHARACTER SET utf8mb4 COLLATE utf8mb4_general_ci;
USE `pet_proj`;

-- --------------------------------------------------------

--
-- 資料表結構 `bank_transfer_details`
--

CREATE TABLE `bank_transfer_details` (
  `id` int NOT NULL,
  `donation_id` int NOT NULL,
  `transfer_date` date NOT NULL,
  `transfer_amount` int NOT NULL,
  `donor_name` varchar(80) CHARACTER SET utf8mb4 COLLATE utf8mb4_general_ci NOT NULL,
  `account_last_5` varchar(5) CHARACTER SET utf8mb4 COLLATE utf8mb4_general_ci DEFAULT NULL,
  `id_or_tax_id_number` varchar(20) CHARACTER SET utf8mb4 COLLATE utf8mb4_general_ci NOT NULL,
  `reconciliation_status` varchar(20) CHARACTER SET utf8mb4 COLLATE utf8mb4_general_ci NOT NULL DEFAULT '未核對'
) ENGINE=InnoDB DEFAULT CHARSET=utf8mb4 COLLATE=utf8mb4_general_ci;

--
-- 傾印資料表的資料 `bank_transfer_details`
--

INSERT INTO `bank_transfer_details` (`id`, `donation_id`, `transfer_date`, `transfer_amount`, `donor_name`, `account_last_5`, `id_or_tax_id_number`, `reconciliation_status`) VALUES
(1, 1, '2025-01-01', 500, '王小明', '12345', 'A123456789', '未核對'),
(2, 2, '2025-01-02', 1000, '匿名', '23456', 'B234567890', '未核對'),
(3, 3, '2025-01-03', 200, '張美美', '34567', 'C345678901', '未核對'),
(4, 4, '2025-01-04', 1500, '林志強', '45678', 'D456789012', '未核對'),
(5, 5, '2025-01-05', 300, '匿名', '56789', 'E567890123', '未核對'),
(6, 6, '2025-01-06', 800, '李華', '67890', 'F678901234', '未核對'),
(7, 7, '2025-01-07', 700, '陳志宏', '78901', 'G789012345', '未核對'),
(8, 8, '2025-01-08', 1200, '黃淑芬', '89012', 'H890123456', '未核對'),
(9, 9, '2025-01-09', 600, '許志宏', '90123', 'J901234567', '未核對'),
(10, 10, '2025-01-10', 1400, '周杰倫', '01234', 'K012345678', '未核對');

-- --------------------------------------------------------

--
-- 資料表結構 `bans`
--

CREATE TABLE `bans` (
  `id` int NOT NULL,
  `user_id` int NOT NULL,
  `banned_by` int NOT NULL,
  `reason` text CHARACTER SET utf8mb4 COLLATE utf8mb4_general_ci,
  `ban_until` timestamp NULL DEFAULT NULL,
  `created_at` timestamp NULL DEFAULT CURRENT_TIMESTAMP
) ENGINE=InnoDB DEFAULT CHARSET=utf8mb4 COLLATE=utf8mb4_general_ci;

--
-- 傾印資料表的資料 `bans`
--

INSERT INTO `bans` (`id`, `user_id`, `banned_by`, `reason`, `ban_until`, `created_at`) VALUES
(1, 15, 5, '違反社群規範', '2025-02-03 11:32:55', '2025-01-15 03:46:55'),
(2, 8, 1, '違反社群規範', '2025-02-02 11:32:55', '2025-01-15 03:46:55'),
(3, 19, 1, '違反社群規範', '2025-01-25 11:32:55', '2025-01-15 03:46:55'),
(4, 3, 1, '違反社群規範', '2025-01-23 11:32:55', '2025-01-15 03:46:55'),
(5, 3, 6, '違反社群規範', '2025-02-08 11:32:55', '2025-01-15 03:46:55'),
(6, 2, 17, '違反社群規範', '2025-02-05 11:32:55', '2025-01-15 03:46:55'),
(7, 6, 16, '違反社群規範', '2025-01-28 11:32:55', '2025-01-15 03:46:55'),
(8, 2, 8, '違反社群規範', '2025-01-17 11:32:55', '2025-01-15 03:46:55'),
(9, 20, 9, '違反社群規範', '2025-01-21 11:32:55', '2025-01-15 03:46:55'),
(10, 20, 11, '違反社群規範', '2025-01-26 11:32:55', '2025-01-15 03:46:55'),
(11, 9, 14, '違反社群規範', '2025-01-18 11:32:55', '2025-01-15 03:46:55'),
(12, 11, 16, '違反社群規範', '2025-01-20 11:32:55', '2025-01-15 03:46:55'),
(13, 14, 10, '違反社群規範', '2025-02-03 11:32:55', '2025-01-15 03:46:55'),
(14, 6, 7, '違反社群規範', '2025-02-10 11:32:55', '2025-01-15 03:46:55'),
(15, 14, 5, '違反社群規範', '2025-02-07 11:32:55', '2025-01-15 03:46:55'),
(16, 12, 3, '違反社群規範', '2025-01-15 11:32:55', '2025-01-15 03:46:55'),
(17, 18, 14, '違反社群規範', '2025-02-07 11:32:55', '2025-01-15 03:46:55'),
(18, 4, 5, '違反社群規範', '2025-02-02 11:32:55', '2025-01-15 03:46:55'),
(19, 2, 12, '違反社群規範', '2025-02-06 11:32:55', '2025-01-15 03:46:55'),
(20, 6, 14, '違反社群規範', '2025-01-13 11:32:55', '2025-01-15 03:46:55');

-- --------------------------------------------------------

--
-- 資料表結構 `bookmarks`
--

CREATE TABLE `bookmarks` (
  `id` int NOT NULL,
  `user_id` int NOT NULL,
  `post_id` int NOT NULL,
  `created_at` timestamp NULL DEFAULT CURRENT_TIMESTAMP
) ENGINE=InnoDB DEFAULT CHARSET=utf8mb4 COLLATE=utf8mb4_general_ci;

--
-- 傾印資料表的資料 `bookmarks`
--

INSERT INTO `bookmarks` (`id`, `user_id`, `post_id`, `created_at`) VALUES
(1, 1, 167, '2025-01-15 03:46:58'),
(2, 9, 180, '2025-01-15 03:46:58'),
(3, 10, 64, '2025-01-15 03:46:58'),
(4, 15, 106, '2025-01-15 03:46:58'),
(5, 10, 24, '2025-01-15 03:46:58'),
(6, 18, 81, '2025-01-15 03:46:58'),
(7, 12, 9, '2025-01-15 03:46:58'),
(8, 14, 152, '2025-01-15 03:46:58'),
(9, 8, 157, '2025-01-15 03:46:58'),
(10, 13, 27, '2025-01-15 03:46:58'),
(11, 2, 79, '2025-01-15 03:46:58'),
(12, 10, 39, '2025-01-15 03:46:58'),
(13, 12, 100, '2025-01-15 03:46:58'),
(14, 2, 87, '2025-01-15 03:46:58'),
(15, 3, 151, '2025-01-15 03:46:58'),
(16, 6, 49, '2025-01-15 03:46:58'),
(17, 2, 35, '2025-01-15 03:46:58'),
(18, 6, 149, '2025-01-15 03:46:58'),
(19, 14, 152, '2025-01-15 03:46:58'),
(20, 2, 135, '2025-01-15 03:46:58');

-- --------------------------------------------------------

--
-- 資料表結構 `categories`
--

CREATE TABLE `categories` (
  `category_id` int NOT NULL,
  `category_name` varchar(255) CHARACTER SET utf8mb4 COLLATE utf8mb4_general_ci NOT NULL,
  `category_tag` varchar(20) CHARACTER SET utf8mb4 COLLATE utf8mb4_general_ci NOT NULL,
  `category_description` text CHARACTER SET utf8mb4 COLLATE utf8mb4_general_ci,
  `parent_id` int DEFAULT NULL,
  `created_at` datetime NOT NULL DEFAULT CURRENT_TIMESTAMP,
  `updated_at` datetime NOT NULL DEFAULT CURRENT_TIMESTAMP ON UPDATE CURRENT_TIMESTAMP
) ENGINE=InnoDB DEFAULT CHARSET=utf8mb4 COLLATE=utf8mb4_general_ci;

-- --------------------------------------------------------

--
-- 資料表結構 `comments`
--

CREATE TABLE `comments` (
  `id` int NOT NULL,
  `body` text CHARACTER SET utf8mb4 COLLATE utf8mb4_general_ci NOT NULL,
  `post_id` int NOT NULL,
  `user_id` int NOT NULL,
  `likes_count` int DEFAULT '0',
  `status` enum('已留言','被檢舉','已刪除') CHARACTER SET utf8mb4 COLLATE utf8mb4_general_ci NOT NULL DEFAULT '已留言',
  `created_at` timestamp NULL DEFAULT CURRENT_TIMESTAMP,
  `updated_at` timestamp NULL DEFAULT CURRENT_TIMESTAMP ON UPDATE CURRENT_TIMESTAMP
) ENGINE=InnoDB DEFAULT CHARSET=utf8mb4 COLLATE=utf8mb4_general_ci;

--
-- 傾印資料表的資料 `comments`
--

INSERT INTO `comments` (`id`, `body`, `post_id`, `user_id`, `likes_count`, `status`, `created_at`, `updated_at`) VALUES
(1, '這隻寵物真的太可愛了！', 128, 8, 5, '已留言', '2025-01-15 03:46:34', '2025-01-15 03:46:34'),
(2, '這隻寵物真的太可愛了！', 33, 3, 7, '已留言', '2025-01-15 03:46:34', '2025-01-15 03:46:34'),
(3, '這隻寵物真的太可愛了！', 67, 9, 1, '已留言', '2025-01-15 03:46:34', '2025-01-15 03:46:34'),
(4, '這隻寵物真的太可愛了！', 143, 18, 8, '已留言', '2025-01-15 03:46:34', '2025-01-15 03:46:34'),
(5, '這隻寵物真的太可愛了！', 64, 10, 19, '已留言', '2025-01-15 03:46:34', '2025-01-15 03:46:34'),
(6, '這隻寵物真的太可愛了！', 135, 11, 17, '已留言', '2025-01-15 03:46:34', '2025-01-15 03:46:34'),
(7, '這隻寵物真的太可愛了！', 85, 8, 18, '已留言', '2025-01-15 03:46:34', '2025-01-15 03:46:34'),
(8, '這隻寵物真的太可愛了！', 141, 10, 13, '已留言', '2025-01-15 03:46:34', '2025-01-15 03:46:34'),
(9, '這隻寵物真的太可愛了！', 40, 15, 6, '已留言', '2025-01-15 03:46:34', '2025-01-15 03:46:34'),
(10, '這隻寵物真的太可愛了！', 145, 2, 13, '已留言', '2025-01-15 03:46:34', '2025-01-15 03:46:34'),
(11, '這隻寵物真的太可愛了！', 109, 11, 18, '已留言', '2025-01-15 03:46:34', '2025-01-15 03:46:34'),
(12, '這隻寵物真的太可愛了！', 80, 9, 7, '已留言', '2025-01-15 03:46:34', '2025-01-15 03:46:34'),
(13, '這隻寵物真的太可愛了！', 40, 11, 9, '已留言', '2025-01-15 03:46:34', '2025-01-15 03:46:34'),
(14, '這隻寵物真的太可愛了！', 29, 9, 3, '已留言', '2025-01-15 03:46:34', '2025-01-15 03:46:34'),
(15, '這隻寵物真的太可愛了！', 36, 1, 8, '已留言', '2025-01-15 03:46:34', '2025-01-15 03:46:34'),
(16, '這隻寵物真的太可愛了！', 172, 19, 2, '已留言', '2025-01-15 03:46:34', '2025-01-15 03:46:34'),
(17, '這隻寵物真的太可愛了！', 73, 7, 8, '已留言', '2025-01-15 03:46:34', '2025-01-15 03:46:34'),
(18, '這隻寵物真的太可愛了！', 166, 17, 2, '已留言', '2025-01-15 03:46:34', '2025-01-15 03:46:34'),
(19, '這隻寵物真的太可愛了！', 173, 20, 12, '已留言', '2025-01-15 03:46:34', '2025-01-15 03:46:34'),
(20, '這隻寵物真的太可愛了！', 149, 9, 14, '已留言', '2025-01-15 03:46:34', '2025-01-15 03:46:34'),
(21, '這隻寵物真的太可愛了！', 80, 5, 13, '已留言', '2025-01-15 03:46:34', '2025-01-15 03:46:34'),
(22, '這隻寵物真的太可愛了！', 15, 13, 3, '已留言', '2025-01-15 03:46:34', '2025-01-15 03:46:34'),
(23, '這隻寵物真的太可愛了！', 86, 9, 13, '已留言', '2025-01-15 03:46:34', '2025-01-15 03:46:34'),
(24, '這隻寵物真的太可愛了！', 66, 9, 13, '已留言', '2025-01-15 03:46:34', '2025-01-15 03:46:34'),
(25, '這隻寵物真的太可愛了！', 165, 7, 17, '已留言', '2025-01-15 03:46:34', '2025-01-15 03:46:34'),
(26, '這隻寵物真的太可愛了！', 73, 10, 17, '已留言', '2025-01-15 03:46:34', '2025-01-15 03:46:34'),
(27, '這隻寵物真的太可愛了！', 28, 13, 18, '已留言', '2025-01-15 03:46:34', '2025-01-15 03:46:34'),
(28, '這隻寵物真的太可愛了！', 28, 7, 9, '已留言', '2025-01-15 03:46:34', '2025-01-15 03:46:34'),
(29, '這隻寵物真的太可愛了！', 135, 3, 7, '已留言', '2025-01-15 03:46:34', '2025-01-15 03:46:34'),
(30, '這隻寵物真的太可愛了！', 65, 12, 6, '已留言', '2025-01-15 03:46:34', '2025-01-15 03:46:34'),
(31, '這隻寵物真的太可愛了！', 152, 7, 17, '已留言', '2025-01-15 03:46:34', '2025-01-15 03:46:34'),
(32, '這隻寵物真的太可愛了！', 58, 7, 19, '已留言', '2025-01-15 03:46:34', '2025-01-15 03:46:34'),
(33, '這隻寵物真的太可愛了！', 141, 10, 1, '已留言', '2025-01-15 03:46:34', '2025-01-15 03:46:34'),
(34, '這隻寵物真的太可愛了！', 77, 4, 13, '已留言', '2025-01-15 03:46:34', '2025-01-15 03:46:34'),
(35, '這隻寵物真的太可愛了！', 4, 2, 16, '已留言', '2025-01-15 03:46:34', '2025-01-15 03:46:34'),
(36, '這隻寵物真的太可愛了！', 200, 5, 7, '已留言', '2025-01-15 03:46:34', '2025-01-15 03:46:34'),
(37, '這隻寵物真的太可愛了！', 33, 19, 2, '已留言', '2025-01-15 03:46:34', '2025-01-15 03:46:34'),
(38, '這隻寵物真的太可愛了！', 130, 20, 9, '已留言', '2025-01-15 03:46:34', '2025-01-15 03:46:34'),
(39, '這隻寵物真的太可愛了！', 189, 20, 15, '已留言', '2025-01-15 03:46:34', '2025-01-15 03:46:34'),
(40, '這隻寵物真的太可愛了！', 79, 11, 9, '已留言', '2025-01-15 03:46:34', '2025-01-15 03:46:34'),
(41, '這隻寵物真的太可愛了！', 178, 17, 1, '已留言', '2025-01-15 03:46:34', '2025-01-15 03:46:34'),
(42, '這隻寵物真的太可愛了！', 131, 18, 8, '已留言', '2025-01-15 03:46:34', '2025-01-15 03:46:34'),
(43, '這隻寵物真的太可愛了！', 164, 19, 13, '已留言', '2025-01-15 03:46:34', '2025-01-15 03:46:34'),
(44, '這隻寵物真的太可愛了！', 67, 4, 19, '已留言', '2025-01-15 03:46:34', '2025-01-15 03:46:34'),
(45, '這隻寵物真的太可愛了！', 132, 7, 8, '已留言', '2025-01-15 03:46:34', '2025-01-15 03:46:34'),
(46, '這隻寵物真的太可愛了！', 125, 3, 16, '已留言', '2025-01-15 03:46:34', '2025-01-15 03:46:34'),
(47, '這隻寵物真的太可愛了！', 193, 13, 19, '已留言', '2025-01-15 03:46:34', '2025-01-15 03:46:34'),
(48, '這隻寵物真的太可愛了！', 171, 3, 6, '已留言', '2025-01-15 03:46:34', '2025-01-15 03:46:34'),
(49, '這隻寵物真的太可愛了！', 132, 5, 16, '已留言', '2025-01-15 03:46:34', '2025-01-15 03:46:34'),
(50, '這隻寵物真的太可愛了！', 90, 17, 4, '已留言', '2025-01-15 03:46:34', '2025-01-15 03:46:34'),
(51, '這隻寵物真的太可愛了！', 12, 18, 7, '已留言', '2025-01-15 03:46:34', '2025-01-15 03:46:34'),
(52, '這隻寵物真的太可愛了！', 117, 16, 7, '已留言', '2025-01-15 03:46:34', '2025-01-15 03:46:34'),
(53, '這隻寵物真的太可愛了！', 70, 6, 1, '已留言', '2025-01-15 03:46:34', '2025-01-15 03:46:34'),
(54, '這隻寵物真的太可愛了！', 97, 8, 3, '已留言', '2025-01-15 03:46:34', '2025-01-15 03:46:34'),
(55, '這隻寵物真的太可愛了！', 66, 4, 11, '已留言', '2025-01-15 03:46:34', '2025-01-15 03:46:34'),
(56, '這隻寵物真的太可愛了！', 74, 20, 13, '已留言', '2025-01-15 03:46:34', '2025-01-15 03:46:34'),
(57, '這隻寵物真的太可愛了！', 59, 9, 3, '已留言', '2025-01-15 03:46:34', '2025-01-15 03:46:34'),
(58, '這隻寵物真的太可愛了！', 75, 10, 4, '已留言', '2025-01-15 03:46:34', '2025-01-15 03:46:34'),
(59, '這隻寵物真的太可愛了！', 98, 19, 3, '已留言', '2025-01-15 03:46:34', '2025-01-15 03:46:34'),
(60, '這隻寵物真的太可愛了！', 95, 16, 17, '已留言', '2025-01-15 03:46:34', '2025-01-15 03:46:34'),
(61, '這隻寵物真的太可愛了！', 75, 5, 10, '已留言', '2025-01-15 03:46:34', '2025-01-15 03:46:34'),
(62, '這隻寵物真的太可愛了！', 14, 14, 11, '已留言', '2025-01-15 03:46:34', '2025-01-15 03:46:34'),
(63, '這隻寵物真的太可愛了！', 45, 10, 10, '已留言', '2025-01-15 03:46:34', '2025-01-15 03:46:34'),
(64, '這隻寵物真的太可愛了！', 196, 16, 12, '已留言', '2025-01-15 03:46:34', '2025-01-15 03:46:34'),
(65, '這隻寵物真的太可愛了！', 109, 7, 4, '已留言', '2025-01-15 03:46:34', '2025-01-15 03:46:34'),
(66, '這隻寵物真的太可愛了！', 74, 5, 7, '已留言', '2025-01-15 03:46:34', '2025-01-15 03:46:34'),
(67, '這隻寵物真的太可愛了！', 58, 5, 8, '已留言', '2025-01-15 03:46:34', '2025-01-15 03:46:34'),
(68, '這隻寵物真的太可愛了！', 183, 8, 7, '已留言', '2025-01-15 03:46:34', '2025-01-15 03:46:34'),
(69, '這隻寵物真的太可愛了！', 7, 10, 14, '已留言', '2025-01-15 03:46:34', '2025-01-15 03:46:34'),
(70, '這隻寵物真的太可愛了！', 32, 13, 19, '已留言', '2025-01-15 03:46:34', '2025-01-15 03:46:34'),
(71, '這隻寵物真的太可愛了！', 14, 11, 2, '已留言', '2025-01-15 03:46:34', '2025-01-15 03:46:34'),
(72, '這隻寵物真的太可愛了！', 184, 10, 4, '已留言', '2025-01-15 03:46:34', '2025-01-15 03:46:34'),
(73, '這隻寵物真的太可愛了！', 81, 2, 14, '已留言', '2025-01-15 03:46:34', '2025-01-15 03:46:34'),
(74, '這隻寵物真的太可愛了！', 180, 11, 18, '已留言', '2025-01-15 03:46:34', '2025-01-15 03:46:34'),
(75, '這隻寵物真的太可愛了！', 44, 13, 6, '已留言', '2025-01-15 03:46:34', '2025-01-15 03:46:34'),
(76, '這隻寵物真的太可愛了！', 199, 1, 20, '已留言', '2025-01-15 03:46:34', '2025-01-15 03:46:34'),
(77, '這隻寵物真的太可愛了！', 87, 1, 3, '已留言', '2025-01-15 03:46:34', '2025-01-15 03:46:34'),
(78, '這隻寵物真的太可愛了！', 196, 4, 5, '已留言', '2025-01-15 03:46:34', '2025-01-15 03:46:34'),
(79, '這隻寵物真的太可愛了！', 16, 13, 20, '已留言', '2025-01-15 03:46:34', '2025-01-15 03:46:34'),
(80, '這隻寵物真的太可愛了！', 105, 16, 16, '已留言', '2025-01-15 03:46:34', '2025-01-15 03:46:34'),
(81, '這隻寵物真的太可愛了！', 13, 20, 6, '已留言', '2025-01-15 03:46:34', '2025-01-15 03:46:34'),
(82, '這隻寵物真的太可愛了！', 102, 19, 10, '已留言', '2025-01-15 03:46:34', '2025-01-15 03:46:34'),
(83, '這隻寵物真的太可愛了！', 57, 6, 15, '已留言', '2025-01-15 03:46:34', '2025-01-15 03:46:34'),
(84, '這隻寵物真的太可愛了！', 86, 14, 10, '已留言', '2025-01-15 03:46:34', '2025-01-15 03:46:34'),
(85, '這隻寵物真的太可愛了！', 144, 16, 17, '已留言', '2025-01-15 03:46:34', '2025-01-15 03:46:34'),
(86, '這隻寵物真的太可愛了！', 102, 4, 14, '已留言', '2025-01-15 03:46:34', '2025-01-15 03:46:34'),
(87, '這隻寵物真的太可愛了！', 101, 16, 14, '已留言', '2025-01-15 03:46:34', '2025-01-15 03:46:34'),
(88, '這隻寵物真的太可愛了！', 37, 12, 0, '已留言', '2025-01-15 03:46:34', '2025-01-15 03:46:34'),
(89, '這隻寵物真的太可愛了！', 109, 6, 4, '已留言', '2025-01-15 03:46:34', '2025-01-15 03:46:34'),
(90, '這隻寵物真的太可愛了！', 33, 15, 10, '已留言', '2025-01-15 03:46:34', '2025-01-15 03:46:34'),
(91, '這隻寵物真的太可愛了！', 158, 6, 14, '已留言', '2025-01-15 03:46:34', '2025-01-15 03:46:34'),
(92, '這隻寵物真的太可愛了！', 136, 13, 2, '已留言', '2025-01-15 03:46:34', '2025-01-15 03:46:34'),
(93, '這隻寵物真的太可愛了！', 88, 4, 9, '已留言', '2025-01-15 03:46:34', '2025-01-15 03:46:34'),
(94, '這隻寵物真的太可愛了！', 83, 1, 8, '已留言', '2025-01-15 03:46:34', '2025-01-15 03:46:34'),
(95, '這隻寵物真的太可愛了！', 72, 19, 3, '已留言', '2025-01-15 03:46:34', '2025-01-15 03:46:34'),
(96, '這隻寵物真的太可愛了！', 76, 2, 18, '已留言', '2025-01-15 03:46:34', '2025-01-15 03:46:34'),
(97, '這隻寵物真的太可愛了！', 182, 11, 14, '已留言', '2025-01-15 03:46:34', '2025-01-15 03:46:34'),
(98, '這隻寵物真的太可愛了！', 84, 4, 2, '已留言', '2025-01-15 03:46:34', '2025-01-15 03:46:34'),
(99, '這隻寵物真的太可愛了！', 139, 8, 10, '已留言', '2025-01-15 03:46:34', '2025-01-15 03:46:34'),
(100, '這隻寵物真的太可愛了！', 60, 18, 2, '已留言', '2025-01-15 03:46:34', '2025-01-15 03:46:34'),
(101, '這隻寵物真的太可愛了！', 178, 18, 13, '已留言', '2025-01-15 03:46:34', '2025-01-15 03:46:34'),
(102, '這隻寵物真的太可愛了！', 110, 11, 2, '已留言', '2025-01-15 03:46:34', '2025-01-15 03:46:34'),
(103, '這隻寵物真的太可愛了！', 18, 18, 10, '已留言', '2025-01-15 03:46:34', '2025-01-15 03:46:34'),
(104, '這隻寵物真的太可愛了！', 16, 7, 10, '已留言', '2025-01-15 03:46:34', '2025-01-15 03:46:34'),
(105, '這隻寵物真的太可愛了！', 69, 4, 14, '已留言', '2025-01-15 03:46:34', '2025-01-15 03:46:34'),
(106, '這隻寵物真的太可愛了！', 200, 5, 13, '已留言', '2025-01-15 03:46:34', '2025-01-15 03:46:34'),
(107, '這隻寵物真的太可愛了！', 7, 7, 15, '已留言', '2025-01-15 03:46:34', '2025-01-15 03:46:34'),
(108, '這隻寵物真的太可愛了！', 89, 2, 19, '已留言', '2025-01-15 03:46:34', '2025-01-15 03:46:34'),
(109, '這隻寵物真的太可愛了！', 191, 19, 19, '已留言', '2025-01-15 03:46:34', '2025-01-15 03:46:34'),
(110, '這隻寵物真的太可愛了！', 184, 11, 5, '已留言', '2025-01-15 03:46:34', '2025-01-15 03:46:34'),
(111, '這隻寵物真的太可愛了！', 153, 8, 17, '已留言', '2025-01-15 03:46:34', '2025-01-15 03:46:34'),
(112, '這隻寵物真的太可愛了！', 195, 20, 11, '已留言', '2025-01-15 03:46:34', '2025-01-15 03:46:34'),
(113, '這隻寵物真的太可愛了！', 59, 18, 16, '已留言', '2025-01-15 03:46:34', '2025-01-15 03:46:34'),
(114, '這隻寵物真的太可愛了！', 130, 19, 8, '已留言', '2025-01-15 03:46:34', '2025-01-15 03:46:34'),
(115, '這隻寵物真的太可愛了！', 199, 11, 11, '已留言', '2025-01-15 03:46:34', '2025-01-15 03:46:34'),
(116, '這隻寵物真的太可愛了！', 119, 3, 3, '已留言', '2025-01-15 03:46:34', '2025-01-15 03:46:34'),
(117, '這隻寵物真的太可愛了！', 133, 9, 9, '已留言', '2025-01-15 03:46:34', '2025-01-15 03:46:34'),
(118, '這隻寵物真的太可愛了！', 133, 15, 3, '已留言', '2025-01-15 03:46:34', '2025-01-15 03:46:34'),
(119, '這隻寵物真的太可愛了！', 48, 5, 6, '已留言', '2025-01-15 03:46:34', '2025-01-15 03:46:34'),
(120, '這隻寵物真的太可愛了！', 53, 16, 0, '已留言', '2025-01-15 03:46:34', '2025-01-15 03:46:34'),
(121, '這隻寵物真的太可愛了！', 188, 3, 3, '已留言', '2025-01-15 03:46:34', '2025-01-15 03:46:34'),
(122, '這隻寵物真的太可愛了！', 78, 4, 16, '已留言', '2025-01-15 03:46:34', '2025-01-15 03:46:34'),
(123, '這隻寵物真的太可愛了！', 86, 15, 14, '已留言', '2025-01-15 03:46:34', '2025-01-15 03:46:34'),
(124, '這隻寵物真的太可愛了！', 14, 11, 1, '已留言', '2025-01-15 03:46:34', '2025-01-15 03:46:34'),
(125, '這隻寵物真的太可愛了！', 46, 20, 13, '已留言', '2025-01-15 03:46:34', '2025-01-15 03:46:34'),
(126, '這隻寵物真的太可愛了！', 34, 15, 18, '已留言', '2025-01-15 03:46:34', '2025-01-15 03:46:34'),
(127, '這隻寵物真的太可愛了！', 12, 1, 9, '已留言', '2025-01-15 03:46:34', '2025-01-15 03:46:34'),
(128, '這隻寵物真的太可愛了！', 69, 12, 11, '已留言', '2025-01-15 03:46:34', '2025-01-15 03:46:34'),
(129, '這隻寵物真的太可愛了！', 164, 6, 4, '已留言', '2025-01-15 03:46:34', '2025-01-15 03:46:34'),
(130, '這隻寵物真的太可愛了！', 57, 4, 16, '已留言', '2025-01-15 03:46:34', '2025-01-15 03:46:34'),
(131, '這隻寵物真的太可愛了！', 18, 15, 17, '已留言', '2025-01-15 03:46:34', '2025-01-15 03:46:34'),
(132, '這隻寵物真的太可愛了！', 52, 11, 2, '已留言', '2025-01-15 03:46:34', '2025-01-15 03:46:34'),
(133, '這隻寵物真的太可愛了！', 115, 1, 4, '已留言', '2025-01-15 03:46:34', '2025-01-15 03:46:34'),
(134, '這隻寵物真的太可愛了！', 141, 18, 18, '已留言', '2025-01-15 03:46:34', '2025-01-15 03:46:34'),
(135, '這隻寵物真的太可愛了！', 78, 18, 18, '已留言', '2025-01-15 03:46:34', '2025-01-15 03:46:34'),
(136, '這隻寵物真的太可愛了！', 94, 1, 14, '已留言', '2025-01-15 03:46:34', '2025-01-15 03:46:34'),
(137, '這隻寵物真的太可愛了！', 57, 19, 19, '已留言', '2025-01-15 03:46:34', '2025-01-15 03:46:34'),
(138, '這隻寵物真的太可愛了！', 189, 14, 14, '已留言', '2025-01-15 03:46:34', '2025-01-15 03:46:34'),
(139, '這隻寵物真的太可愛了！', 34, 8, 16, '已留言', '2025-01-15 03:46:34', '2025-01-15 03:46:34'),
(140, '這隻寵物真的太可愛了！', 25, 8, 6, '已留言', '2025-01-15 03:46:34', '2025-01-15 03:46:34'),
(141, '這隻寵物真的太可愛了！', 156, 16, 3, '已留言', '2025-01-15 03:46:34', '2025-01-15 03:46:34'),
(142, '這隻寵物真的太可愛了！', 131, 2, 7, '已留言', '2025-01-15 03:46:34', '2025-01-15 03:46:34'),
(143, '這隻寵物真的太可愛了！', 28, 6, 17, '已留言', '2025-01-15 03:46:34', '2025-01-15 03:46:34'),
(144, '這隻寵物真的太可愛了！', 10, 3, 16, '已留言', '2025-01-15 03:46:34', '2025-01-15 03:46:34'),
(145, '這隻寵物真的太可愛了！', 179, 10, 2, '已留言', '2025-01-15 03:46:34', '2025-01-15 03:46:34'),
(146, '這隻寵物真的太可愛了！', 12, 4, 8, '已留言', '2025-01-15 03:46:34', '2025-01-15 03:46:34'),
(147, '這隻寵物真的太可愛了！', 29, 20, 6, '已留言', '2025-01-15 03:46:34', '2025-01-15 03:46:34'),
(148, '這隻寵物真的太可愛了！', 50, 3, 18, '已留言', '2025-01-15 03:46:34', '2025-01-15 03:46:34'),
(149, '這隻寵物真的太可愛了！', 64, 4, 3, '已留言', '2025-01-15 03:46:34', '2025-01-15 03:46:34'),
(150, '這隻寵物真的太可愛了！', 151, 9, 14, '已留言', '2025-01-15 03:46:34', '2025-01-15 03:46:34'),
(151, '這隻寵物真的太可愛了！', 92, 19, 7, '已留言', '2025-01-15 03:46:34', '2025-01-15 03:46:34'),
(152, '這隻寵物真的太可愛了！', 12, 12, 7, '已留言', '2025-01-15 03:46:34', '2025-01-15 03:46:34'),
(153, '這隻寵物真的太可愛了！', 117, 15, 16, '已留言', '2025-01-15 03:46:34', '2025-01-15 03:46:34'),
(154, '這隻寵物真的太可愛了！', 42, 19, 12, '已留言', '2025-01-15 03:46:34', '2025-01-15 03:46:34'),
(155, '這隻寵物真的太可愛了！', 4, 10, 16, '已留言', '2025-01-15 03:46:34', '2025-01-15 03:46:34'),
(156, '這隻寵物真的太可愛了！', 121, 7, 10, '已留言', '2025-01-15 03:46:34', '2025-01-15 03:46:34'),
(157, '這隻寵物真的太可愛了！', 23, 14, 7, '已留言', '2025-01-15 03:46:34', '2025-01-15 03:46:34'),
(158, '這隻寵物真的太可愛了！', 32, 7, 2, '已留言', '2025-01-15 03:46:34', '2025-01-15 03:46:34'),
(159, '這隻寵物真的太可愛了！', 34, 13, 18, '已留言', '2025-01-15 03:46:34', '2025-01-15 03:46:34'),
(160, '這隻寵物真的太可愛了！', 173, 8, 9, '已留言', '2025-01-15 03:46:34', '2025-01-15 03:46:34'),
(161, '這隻寵物真的太可愛了！', 186, 6, 11, '已留言', '2025-01-15 03:46:34', '2025-01-15 03:46:34'),
(162, '這隻寵物真的太可愛了！', 144, 1, 1, '已留言', '2025-01-15 03:46:34', '2025-01-15 03:46:34'),
(163, '這隻寵物真的太可愛了！', 50, 5, 5, '已留言', '2025-01-15 03:46:34', '2025-01-15 03:46:34'),
(164, '這隻寵物真的太可愛了！', 120, 13, 10, '已留言', '2025-01-15 03:46:34', '2025-01-15 03:46:34'),
(165, '這隻寵物真的太可愛了！', 193, 19, 2, '已留言', '2025-01-15 03:46:34', '2025-01-15 03:46:34'),
(166, '這隻寵物真的太可愛了！', 17, 4, 17, '已留言', '2025-01-15 03:46:34', '2025-01-15 03:46:34'),
(167, '這隻寵物真的太可愛了！', 85, 12, 17, '已留言', '2025-01-15 03:46:34', '2025-01-15 03:46:34'),
(168, '這隻寵物真的太可愛了！', 25, 6, 7, '已留言', '2025-01-15 03:46:34', '2025-01-15 03:46:34'),
(169, '這隻寵物真的太可愛了！', 149, 20, 9, '已留言', '2025-01-15 03:46:34', '2025-01-15 03:46:34'),
(170, '這隻寵物真的太可愛了！', 8, 7, 20, '已留言', '2025-01-15 03:46:34', '2025-01-15 03:46:34'),
(171, '這隻寵物真的太可愛了！', 164, 11, 11, '已留言', '2025-01-15 03:46:34', '2025-01-15 03:46:34'),
(172, '這隻寵物真的太可愛了！', 148, 6, 2, '已留言', '2025-01-15 03:46:34', '2025-01-15 03:46:34'),
(173, '這隻寵物真的太可愛了！', 126, 20, 8, '已留言', '2025-01-15 03:46:34', '2025-01-15 03:46:34'),
(174, '這隻寵物真的太可愛了！', 78, 20, 4, '已留言', '2025-01-15 03:46:34', '2025-01-15 03:46:34'),
(175, '這隻寵物真的太可愛了！', 9, 12, 10, '已留言', '2025-01-15 03:46:34', '2025-01-15 03:46:34'),
(176, '這隻寵物真的太可愛了！', 68, 8, 15, '已留言', '2025-01-15 03:46:34', '2025-01-15 03:46:34'),
(177, '這隻寵物真的太可愛了！', 39, 2, 8, '已留言', '2025-01-15 03:46:34', '2025-01-15 03:46:34'),
(178, '這隻寵物真的太可愛了！', 77, 7, 8, '已留言', '2025-01-15 03:46:34', '2025-01-15 03:46:34'),
(179, '這隻寵物真的太可愛了！', 144, 16, 7, '已留言', '2025-01-15 03:46:34', '2025-01-15 03:46:34'),
(180, '這隻寵物真的太可愛了！', 150, 3, 10, '已留言', '2025-01-15 03:46:34', '2025-01-15 03:46:34'),
(181, '這隻寵物真的太可愛了！', 90, 17, 19, '已留言', '2025-01-15 03:46:34', '2025-01-15 03:46:34'),
(182, '這隻寵物真的太可愛了！', 178, 11, 4, '已留言', '2025-01-15 03:46:34', '2025-01-15 03:46:34'),
(183, '這隻寵物真的太可愛了！', 41, 18, 3, '已留言', '2025-01-15 03:46:34', '2025-01-15 03:46:34'),
(184, '這隻寵物真的太可愛了！', 30, 5, 19, '已留言', '2025-01-15 03:46:34', '2025-01-15 03:46:34'),
(185, '這隻寵物真的太可愛了！', 187, 20, 1, '已留言', '2025-01-15 03:46:34', '2025-01-15 03:46:34'),
(186, '這隻寵物真的太可愛了！', 22, 11, 19, '已留言', '2025-01-15 03:46:34', '2025-01-15 03:46:34'),
(187, '這隻寵物真的太可愛了！', 69, 20, 5, '已留言', '2025-01-15 03:46:34', '2025-01-15 03:46:34'),
(188, '這隻寵物真的太可愛了！', 124, 14, 15, '已留言', '2025-01-15 03:46:34', '2025-01-15 03:46:34'),
(189, '這隻寵物真的太可愛了！', 105, 1, 13, '已留言', '2025-01-15 03:46:34', '2025-01-15 03:46:34'),
(190, '這隻寵物真的太可愛了！', 4, 3, 17, '已留言', '2025-01-15 03:46:34', '2025-01-15 03:46:34'),
(191, '這隻寵物真的太可愛了！', 131, 6, 0, '已留言', '2025-01-15 03:46:34', '2025-01-15 03:46:34'),
(192, '這隻寵物真的太可愛了！', 58, 2, 14, '已留言', '2025-01-15 03:46:34', '2025-01-15 03:46:34'),
(193, '這隻寵物真的太可愛了！', 111, 14, 9, '已留言', '2025-01-15 03:46:34', '2025-01-15 03:46:34'),
(194, '這隻寵物真的太可愛了！', 72, 13, 17, '已留言', '2025-01-15 03:46:34', '2025-01-15 03:46:34'),
(195, '這隻寵物真的太可愛了！', 167, 3, 18, '已留言', '2025-01-15 03:46:34', '2025-01-15 03:46:34'),
(196, '這隻寵物真的太可愛了！', 66, 16, 19, '已留言', '2025-01-15 03:46:34', '2025-01-15 03:46:34'),
(197, '這隻寵物真的太可愛了！', 73, 16, 13, '已留言', '2025-01-15 03:46:34', '2025-01-15 03:46:34'),
(198, '這隻寵物真的太可愛了！', 194, 9, 3, '已留言', '2025-01-15 03:46:34', '2025-01-15 03:46:34'),
(199, '這隻寵物真的太可愛了！', 64, 4, 5, '已留言', '2025-01-15 03:46:34', '2025-01-15 03:46:34'),
(200, '這隻寵物真的太可愛了！', 104, 2, 20, '已留言', '2025-01-15 03:46:34', '2025-01-15 03:46:34'),
(201, '這隻寵物真的太可愛了！', 200, 19, 7, '已留言', '2025-01-15 03:46:34', '2025-01-15 03:46:34'),
(202, '這隻寵物真的太可愛了！', 137, 18, 2, '已留言', '2025-01-15 03:46:34', '2025-01-15 03:46:34'),
(203, '這隻寵物真的太可愛了！', 164, 1, 20, '已留言', '2025-01-15 03:46:34', '2025-01-15 03:46:34'),
(204, '這隻寵物真的太可愛了！', 119, 18, 17, '已留言', '2025-01-15 03:46:34', '2025-01-15 03:46:34'),
(205, '這隻寵物真的太可愛了！', 191, 2, 1, '已留言', '2025-01-15 03:46:34', '2025-01-15 03:46:34'),
(206, '這隻寵物真的太可愛了！', 56, 15, 12, '已留言', '2025-01-15 03:46:34', '2025-01-15 03:46:34'),
(207, '這隻寵物真的太可愛了！', 115, 7, 10, '已留言', '2025-01-15 03:46:34', '2025-01-15 03:46:34'),
(208, '這隻寵物真的太可愛了！', 166, 10, 2, '已留言', '2025-01-15 03:46:34', '2025-01-15 03:46:34'),
(209, '這隻寵物真的太可愛了！', 2, 10, 20, '已留言', '2025-01-15 03:46:34', '2025-01-15 03:46:34'),
(210, '這隻寵物真的太可愛了！', 109, 14, 16, '已留言', '2025-01-15 03:46:34', '2025-01-15 03:46:34'),
(211, '這隻寵物真的太可愛了！', 46, 1, 5, '已留言', '2025-01-15 03:46:34', '2025-01-15 03:46:34'),
(212, '這隻寵物真的太可愛了！', 199, 14, 10, '已留言', '2025-01-15 03:46:34', '2025-01-15 03:46:34'),
(213, '這隻寵物真的太可愛了！', 150, 8, 6, '已留言', '2025-01-15 03:46:34', '2025-01-15 03:46:34'),
(214, '這隻寵物真的太可愛了！', 196, 3, 5, '已留言', '2025-01-15 03:46:34', '2025-01-15 03:46:34'),
(215, '這隻寵物真的太可愛了！', 160, 16, 0, '已留言', '2025-01-15 03:46:34', '2025-01-15 03:46:34'),
(216, '這隻寵物真的太可愛了！', 61, 18, 3, '已留言', '2025-01-15 03:46:34', '2025-01-15 03:46:34'),
(217, '這隻寵物真的太可愛了！', 120, 4, 20, '已留言', '2025-01-15 03:46:34', '2025-01-15 03:46:34'),
(218, '這隻寵物真的太可愛了！', 100, 4, 4, '已留言', '2025-01-15 03:46:34', '2025-01-15 03:46:34'),
(219, '這隻寵物真的太可愛了！', 150, 20, 13, '已留言', '2025-01-15 03:46:34', '2025-01-15 03:46:34'),
(220, '這隻寵物真的太可愛了！', 55, 18, 10, '已留言', '2025-01-15 03:46:34', '2025-01-15 03:46:34'),
(221, '這隻寵物真的太可愛了！', 191, 13, 14, '已留言', '2025-01-15 03:46:34', '2025-01-15 03:46:34'),
(222, '這隻寵物真的太可愛了！', 35, 7, 14, '已留言', '2025-01-15 03:46:34', '2025-01-15 03:46:34'),
(223, '這隻寵物真的太可愛了！', 68, 15, 11, '已留言', '2025-01-15 03:46:34', '2025-01-15 03:46:34'),
(224, '這隻寵物真的太可愛了！', 178, 3, 0, '已留言', '2025-01-15 03:46:34', '2025-01-15 03:46:34'),
(225, '這隻寵物真的太可愛了！', 194, 7, 0, '已留言', '2025-01-15 03:46:34', '2025-01-15 03:46:34'),
(226, '這隻寵物真的太可愛了！', 151, 4, 17, '已留言', '2025-01-15 03:46:34', '2025-01-15 03:46:34'),
(227, '這隻寵物真的太可愛了！', 178, 14, 1, '已留言', '2025-01-15 03:46:34', '2025-01-15 03:46:34'),
(228, '這隻寵物真的太可愛了！', 175, 2, 2, '已留言', '2025-01-15 03:46:34', '2025-01-15 03:46:34'),
(229, '這隻寵物真的太可愛了！', 53, 19, 1, '已留言', '2025-01-15 03:46:34', '2025-01-15 03:46:34'),
(230, '這隻寵物真的太可愛了！', 116, 12, 3, '已留言', '2025-01-15 03:46:34', '2025-01-15 03:46:34'),
(231, '這隻寵物真的太可愛了！', 122, 5, 13, '已留言', '2025-01-15 03:46:34', '2025-01-15 03:46:34'),
(232, '這隻寵物真的太可愛了！', 123, 1, 13, '已留言', '2025-01-15 03:46:34', '2025-01-15 03:46:34'),
(233, '這隻寵物真的太可愛了！', 48, 19, 4, '已留言', '2025-01-15 03:46:34', '2025-01-15 03:46:34'),
(234, '這隻寵物真的太可愛了！', 85, 19, 11, '已留言', '2025-01-15 03:46:34', '2025-01-15 03:46:34'),
(235, '這隻寵物真的太可愛了！', 82, 11, 11, '已留言', '2025-01-15 03:46:34', '2025-01-15 03:46:34'),
(236, '這隻寵物真的太可愛了！', 53, 13, 18, '已留言', '2025-01-15 03:46:34', '2025-01-15 03:46:34'),
(237, '這隻寵物真的太可愛了！', 126, 4, 0, '已留言', '2025-01-15 03:46:34', '2025-01-15 03:46:34'),
(238, '這隻寵物真的太可愛了！', 71, 12, 12, '已留言', '2025-01-15 03:46:34', '2025-01-15 03:46:34'),
(239, '這隻寵物真的太可愛了！', 33, 8, 14, '已留言', '2025-01-15 03:46:34', '2025-01-15 03:46:34'),
(240, '這隻寵物真的太可愛了！', 28, 19, 12, '已留言', '2025-01-15 03:46:34', '2025-01-15 03:46:34'),
(241, '這隻寵物真的太可愛了！', 105, 11, 16, '已留言', '2025-01-15 03:46:34', '2025-01-15 03:46:34'),
(242, '這隻寵物真的太可愛了！', 107, 7, 3, '已留言', '2025-01-15 03:46:34', '2025-01-15 03:46:34'),
(243, '這隻寵物真的太可愛了！', 123, 16, 13, '已留言', '2025-01-15 03:46:34', '2025-01-15 03:46:34'),
(244, '這隻寵物真的太可愛了！', 91, 20, 13, '已留言', '2025-01-15 03:46:34', '2025-01-15 03:46:34'),
(245, '這隻寵物真的太可愛了！', 29, 13, 2, '已留言', '2025-01-15 03:46:34', '2025-01-15 03:46:34'),
(246, '這隻寵物真的太可愛了！', 174, 2, 15, '已留言', '2025-01-15 03:46:34', '2025-01-15 03:46:34'),
(247, '這隻寵物真的太可愛了！', 50, 3, 8, '已留言', '2025-01-15 03:46:34', '2025-01-15 03:46:34'),
(248, '這隻寵物真的太可愛了！', 31, 14, 19, '已留言', '2025-01-15 03:46:34', '2025-01-15 03:46:34'),
(249, '這隻寵物真的太可愛了！', 37, 8, 0, '已留言', '2025-01-15 03:46:34', '2025-01-15 03:46:34'),
(250, '這隻寵物真的太可愛了！', 24, 19, 3, '已留言', '2025-01-15 03:46:34', '2025-01-15 03:46:34'),
(251, '這隻寵物真的太可愛了！', 35, 10, 2, '已留言', '2025-01-15 03:46:34', '2025-01-15 03:46:34'),
(252, '這隻寵物真的太可愛了！', 187, 20, 1, '已留言', '2025-01-15 03:46:34', '2025-01-15 03:46:34'),
(253, '這隻寵物真的太可愛了！', 198, 15, 5, '已留言', '2025-01-15 03:46:34', '2025-01-15 03:46:34'),
(254, '這隻寵物真的太可愛了！', 100, 16, 3, '已留言', '2025-01-15 03:46:34', '2025-01-15 03:46:34'),
(255, '這隻寵物真的太可愛了！', 136, 6, 13, '已留言', '2025-01-15 03:46:34', '2025-01-15 03:46:34'),
(256, '這隻寵物真的太可愛了！', 141, 1, 11, '已留言', '2025-01-15 03:46:34', '2025-01-15 03:46:34'),
(257, '這隻寵物真的太可愛了！', 154, 1, 7, '已留言', '2025-01-15 03:46:34', '2025-01-15 03:46:34'),
(258, '這隻寵物真的太可愛了！', 162, 12, 9, '已留言', '2025-01-15 03:46:34', '2025-01-15 03:46:34'),
(259, '這隻寵物真的太可愛了！', 98, 7, 16, '已留言', '2025-01-15 03:46:34', '2025-01-15 03:46:34'),
(260, '這隻寵物真的太可愛了！', 132, 1, 17, '已留言', '2025-01-15 03:46:34', '2025-01-15 03:46:34'),
(261, '這隻寵物真的太可愛了！', 115, 2, 18, '已留言', '2025-01-15 03:46:34', '2025-01-15 03:46:34'),
(262, '這隻寵物真的太可愛了！', 43, 1, 19, '已留言', '2025-01-15 03:46:34', '2025-01-15 03:46:34'),
(263, '這隻寵物真的太可愛了！', 53, 16, 0, '已留言', '2025-01-15 03:46:34', '2025-01-15 03:46:34'),
(264, '這隻寵物真的太可愛了！', 83, 2, 7, '已留言', '2025-01-15 03:46:34', '2025-01-15 03:46:34'),
(265, '這隻寵物真的太可愛了！', 53, 1, 11, '已留言', '2025-01-15 03:46:34', '2025-01-15 03:46:34'),
(266, '這隻寵物真的太可愛了！', 61, 18, 19, '已留言', '2025-01-15 03:46:34', '2025-01-15 03:46:34'),
(267, '這隻寵物真的太可愛了！', 174, 4, 11, '已留言', '2025-01-15 03:46:34', '2025-01-15 03:46:34'),
(268, '這隻寵物真的太可愛了！', 22, 18, 13, '已留言', '2025-01-15 03:46:34', '2025-01-15 03:46:34'),
(269, '這隻寵物真的太可愛了！', 147, 2, 8, '已留言', '2025-01-15 03:46:34', '2025-01-15 03:46:34'),
(270, '這隻寵物真的太可愛了！', 103, 12, 15, '已留言', '2025-01-15 03:46:34', '2025-01-15 03:46:34'),
(271, '這隻寵物真的太可愛了！', 148, 3, 4, '已留言', '2025-01-15 03:46:34', '2025-01-15 03:46:34'),
(272, '這隻寵物真的太可愛了！', 47, 6, 0, '已留言', '2025-01-15 03:46:34', '2025-01-15 03:46:34'),
(273, '這隻寵物真的太可愛了！', 61, 18, 7, '已留言', '2025-01-15 03:46:34', '2025-01-15 03:46:34'),
(274, '這隻寵物真的太可愛了！', 131, 13, 5, '已留言', '2025-01-15 03:46:34', '2025-01-15 03:46:34'),
(275, '這隻寵物真的太可愛了！', 132, 20, 3, '已留言', '2025-01-15 03:46:34', '2025-01-15 03:46:34'),
(276, '這隻寵物真的太可愛了！', 4, 8, 4, '已留言', '2025-01-15 03:46:34', '2025-01-15 03:46:34'),
(277, '這隻寵物真的太可愛了！', 113, 1, 0, '已留言', '2025-01-15 03:46:34', '2025-01-15 03:46:34'),
(278, '這隻寵物真的太可愛了！', 81, 4, 11, '已留言', '2025-01-15 03:46:34', '2025-01-15 03:46:34'),
(279, '這隻寵物真的太可愛了！', 78, 18, 10, '已留言', '2025-01-15 03:46:34', '2025-01-15 03:46:34'),
(280, '這隻寵物真的太可愛了！', 163, 13, 8, '已留言', '2025-01-15 03:46:34', '2025-01-15 03:46:34'),
(281, '這隻寵物真的太可愛了！', 2, 5, 8, '已留言', '2025-01-15 03:46:34', '2025-01-15 03:46:34'),
(282, '這隻寵物真的太可愛了！', 163, 5, 8, '已留言', '2025-01-15 03:46:34', '2025-01-15 03:46:34'),
(283, '這隻寵物真的太可愛了！', 13, 19, 13, '已留言', '2025-01-15 03:46:34', '2025-01-15 03:46:34'),
(284, '這隻寵物真的太可愛了！', 197, 13, 5, '已留言', '2025-01-15 03:46:34', '2025-01-15 03:46:34'),
(285, '這隻寵物真的太可愛了！', 94, 13, 20, '已留言', '2025-01-15 03:46:34', '2025-01-15 03:46:34'),
(286, '這隻寵物真的太可愛了！', 200, 20, 3, '已留言', '2025-01-15 03:46:34', '2025-01-15 03:46:34'),
(287, '這隻寵物真的太可愛了！', 5, 18, 2, '已留言', '2025-01-15 03:46:34', '2025-01-15 03:46:34'),
(288, '這隻寵物真的太可愛了！', 141, 8, 4, '已留言', '2025-01-15 03:46:34', '2025-01-15 03:46:34'),
(289, '這隻寵物真的太可愛了！', 36, 17, 15, '已留言', '2025-01-15 03:46:34', '2025-01-15 03:46:34'),
(290, '這隻寵物真的太可愛了！', 13, 12, 5, '已留言', '2025-01-15 03:46:34', '2025-01-15 03:46:34'),
(291, '這隻寵物真的太可愛了！', 97, 6, 16, '已留言', '2025-01-15 03:46:34', '2025-01-15 03:46:34'),
(292, '這隻寵物真的太可愛了！', 179, 10, 7, '已留言', '2025-01-15 03:46:34', '2025-01-15 03:46:34'),
(293, '這隻寵物真的太可愛了！', 149, 14, 19, '已留言', '2025-01-15 03:46:34', '2025-01-15 03:46:34'),
(294, '這隻寵物真的太可愛了！', 32, 2, 6, '已留言', '2025-01-15 03:46:34', '2025-01-15 03:46:34'),
(295, '這隻寵物真的太可愛了！', 26, 15, 11, '已留言', '2025-01-15 03:46:34', '2025-01-15 03:46:34'),
(296, '這隻寵物真的太可愛了！', 115, 12, 13, '已留言', '2025-01-15 03:46:34', '2025-01-15 03:46:34'),
(297, '這隻寵物真的太可愛了！', 141, 3, 10, '已留言', '2025-01-15 03:46:34', '2025-01-15 03:46:34'),
(298, '這隻寵物真的太可愛了！', 11, 15, 4, '已留言', '2025-01-15 03:46:34', '2025-01-15 03:46:34'),
(299, '這隻寵物真的太可愛了！', 183, 5, 13, '已留言', '2025-01-15 03:46:34', '2025-01-15 03:46:34'),
(300, '這隻寵物真的太可愛了！', 188, 10, 20, '已留言', '2025-01-15 03:46:34', '2025-01-15 03:46:34'),
(301, '這隻寵物真的太可愛了！', 2, 13, 3, '已留言', '2025-01-15 03:46:34', '2025-01-15 03:46:34'),
(302, '這隻寵物真的太可愛了！', 120, 8, 3, '已留言', '2025-01-15 03:46:34', '2025-01-15 03:46:34'),
(303, '這隻寵物真的太可愛了！', 34, 16, 19, '已留言', '2025-01-15 03:46:34', '2025-01-15 03:46:34'),
(304, '這隻寵物真的太可愛了！', 168, 6, 17, '已留言', '2025-01-15 03:46:34', '2025-01-15 03:46:34'),
(305, '這隻寵物真的太可愛了！', 26, 13, 11, '已留言', '2025-01-15 03:46:34', '2025-01-15 03:46:34'),
(306, '這隻寵物真的太可愛了！', 132, 20, 19, '已留言', '2025-01-15 03:46:34', '2025-01-15 03:46:34'),
(307, '這隻寵物真的太可愛了！', 155, 19, 16, '已留言', '2025-01-15 03:46:34', '2025-01-15 03:46:34'),
(308, '這隻寵物真的太可愛了！', 116, 1, 13, '已留言', '2025-01-15 03:46:34', '2025-01-15 03:46:34'),
(309, '這隻寵物真的太可愛了！', 129, 14, 6, '已留言', '2025-01-15 03:46:34', '2025-01-15 03:46:34'),
(310, '這隻寵物真的太可愛了！', 97, 17, 10, '已留言', '2025-01-15 03:46:34', '2025-01-15 03:46:34'),
(311, '這隻寵物真的太可愛了！', 38, 7, 13, '已留言', '2025-01-15 03:46:34', '2025-01-15 03:46:34'),
(312, '這隻寵物真的太可愛了！', 79, 7, 14, '已留言', '2025-01-15 03:46:34', '2025-01-15 03:46:34'),
(313, '這隻寵物真的太可愛了！', 40, 10, 16, '已留言', '2025-01-15 03:46:34', '2025-01-15 03:46:34'),
(314, '這隻寵物真的太可愛了！', 185, 13, 18, '已留言', '2025-01-15 03:46:34', '2025-01-15 03:46:34'),
(315, '這隻寵物真的太可愛了！', 198, 16, 16, '已留言', '2025-01-15 03:46:34', '2025-01-15 03:46:34'),
(316, '這隻寵物真的太可愛了！', 189, 6, 8, '已留言', '2025-01-15 03:46:34', '2025-01-15 03:46:34'),
(317, '這隻寵物真的太可愛了！', 103, 13, 2, '已留言', '2025-01-15 03:46:34', '2025-01-15 03:46:34'),
(318, '這隻寵物真的太可愛了！', 31, 10, 0, '已留言', '2025-01-15 03:46:34', '2025-01-15 03:46:34'),
(319, '這隻寵物真的太可愛了！', 87, 19, 3, '已留言', '2025-01-15 03:46:34', '2025-01-15 03:46:34'),
(320, '這隻寵物真的太可愛了！', 148, 9, 11, '已留言', '2025-01-15 03:46:34', '2025-01-15 03:46:34'),
(321, '這隻寵物真的太可愛了！', 8, 10, 0, '已留言', '2025-01-15 03:46:34', '2025-01-15 03:46:34'),
(322, '這隻寵物真的太可愛了！', 129, 1, 4, '已留言', '2025-01-15 03:46:34', '2025-01-15 03:46:34'),
(323, '這隻寵物真的太可愛了！', 60, 10, 1, '已留言', '2025-01-15 03:46:34', '2025-01-15 03:46:34'),
(324, '這隻寵物真的太可愛了！', 154, 13, 3, '已留言', '2025-01-15 03:46:34', '2025-01-15 03:46:34'),
(325, '這隻寵物真的太可愛了！', 172, 14, 19, '已留言', '2025-01-15 03:46:34', '2025-01-15 03:46:34'),
(326, '這隻寵物真的太可愛了！', 49, 11, 8, '已留言', '2025-01-15 03:46:34', '2025-01-15 03:46:34'),
(327, '這隻寵物真的太可愛了！', 151, 14, 19, '已留言', '2025-01-15 03:46:34', '2025-01-15 03:46:34'),
(328, '這隻寵物真的太可愛了！', 94, 10, 3, '已留言', '2025-01-15 03:46:34', '2025-01-15 03:46:34'),
(329, '這隻寵物真的太可愛了！', 192, 20, 13, '已留言', '2025-01-15 03:46:34', '2025-01-15 03:46:34'),
(330, '這隻寵物真的太可愛了！', 104, 7, 18, '已留言', '2025-01-15 03:46:34', '2025-01-15 03:46:34'),
(331, '這隻寵物真的太可愛了！', 16, 5, 12, '已留言', '2025-01-15 03:46:34', '2025-01-15 03:46:34'),
(332, '這隻寵物真的太可愛了！', 171, 9, 9, '已留言', '2025-01-15 03:46:34', '2025-01-15 03:46:34'),
(333, '這隻寵物真的太可愛了！', 180, 17, 7, '已留言', '2025-01-15 03:46:34', '2025-01-15 03:46:34'),
(334, '這隻寵物真的太可愛了！', 141, 5, 17, '已留言', '2025-01-15 03:46:34', '2025-01-15 03:46:34'),
(335, '這隻寵物真的太可愛了！', 134, 10, 17, '已留言', '2025-01-15 03:46:34', '2025-01-15 03:46:34'),
(336, '這隻寵物真的太可愛了！', 154, 2, 0, '已留言', '2025-01-15 03:46:34', '2025-01-15 03:46:34'),
(337, '這隻寵物真的太可愛了！', 125, 6, 2, '已留言', '2025-01-15 03:46:34', '2025-01-15 03:46:34'),
(338, '這隻寵物真的太可愛了！', 112, 6, 2, '已留言', '2025-01-15 03:46:34', '2025-01-15 03:46:34'),
(339, '這隻寵物真的太可愛了！', 29, 13, 15, '已留言', '2025-01-15 03:46:34', '2025-01-15 03:46:34'),
(340, '這隻寵物真的太可愛了！', 94, 18, 18, '已留言', '2025-01-15 03:46:34', '2025-01-15 03:46:34'),
(341, '這隻寵物真的太可愛了！', 61, 13, 5, '已留言', '2025-01-15 03:46:34', '2025-01-15 03:46:34'),
(342, '這隻寵物真的太可愛了！', 119, 14, 18, '已留言', '2025-01-15 03:46:34', '2025-01-15 03:46:34'),
(343, '這隻寵物真的太可愛了！', 150, 4, 20, '已留言', '2025-01-15 03:46:34', '2025-01-15 03:46:34'),
(344, '這隻寵物真的太可愛了！', 82, 5, 20, '已留言', '2025-01-15 03:46:34', '2025-01-15 03:46:34'),
(345, '這隻寵物真的太可愛了！', 151, 16, 15, '已留言', '2025-01-15 03:46:34', '2025-01-15 03:46:34'),
(346, '這隻寵物真的太可愛了！', 13, 3, 14, '已留言', '2025-01-15 03:46:34', '2025-01-15 03:46:34'),
(347, '這隻寵物真的太可愛了！', 89, 9, 8, '已留言', '2025-01-15 03:46:34', '2025-01-15 03:46:34'),
(348, '這隻寵物真的太可愛了！', 25, 8, 12, '已留言', '2025-01-15 03:46:34', '2025-01-15 03:46:34'),
(349, '這隻寵物真的太可愛了！', 191, 17, 14, '已留言', '2025-01-15 03:46:34', '2025-01-15 03:46:34'),
(350, '這隻寵物真的太可愛了！', 53, 9, 5, '已留言', '2025-01-15 03:46:34', '2025-01-15 03:46:34'),
(351, '這隻寵物真的太可愛了！', 123, 6, 3, '已留言', '2025-01-15 03:46:34', '2025-01-15 03:46:34'),
(352, '這隻寵物真的太可愛了！', 24, 15, 14, '已留言', '2025-01-15 03:46:34', '2025-01-15 03:46:34'),
(353, '這隻寵物真的太可愛了！', 176, 8, 11, '已留言', '2025-01-15 03:46:34', '2025-01-15 03:46:34'),
(354, '這隻寵物真的太可愛了！', 191, 5, 2, '已留言', '2025-01-15 03:46:34', '2025-01-15 03:46:34'),
(355, '這隻寵物真的太可愛了！', 181, 16, 13, '已留言', '2025-01-15 03:46:34', '2025-01-15 03:46:34'),
(356, '這隻寵物真的太可愛了！', 112, 13, 3, '已留言', '2025-01-15 03:46:34', '2025-01-15 03:46:34'),
(357, '這隻寵物真的太可愛了！', 20, 9, 9, '已留言', '2025-01-15 03:46:34', '2025-01-15 03:46:34'),
(358, '這隻寵物真的太可愛了！', 29, 16, 9, '已留言', '2025-01-15 03:46:34', '2025-01-15 03:46:34'),
(359, '這隻寵物真的太可愛了！', 52, 6, 11, '已留言', '2025-01-15 03:46:34', '2025-01-15 03:46:34'),
(360, '這隻寵物真的太可愛了！', 157, 15, 15, '已留言', '2025-01-15 03:46:34', '2025-01-15 03:46:34'),
(361, '這隻寵物真的太可愛了！', 16, 1, 6, '已留言', '2025-01-15 03:46:34', '2025-01-15 03:46:34'),
(362, '這隻寵物真的太可愛了！', 144, 18, 15, '已留言', '2025-01-15 03:46:34', '2025-01-15 03:46:34'),
(363, '這隻寵物真的太可愛了！', 42, 9, 4, '已留言', '2025-01-15 03:46:34', '2025-01-15 03:46:34'),
(364, '這隻寵物真的太可愛了！', 16, 12, 12, '已留言', '2025-01-15 03:46:34', '2025-01-15 03:46:34'),
(365, '這隻寵物真的太可愛了！', 168, 5, 2, '已留言', '2025-01-15 03:46:34', '2025-01-15 03:46:34'),
(366, '這隻寵物真的太可愛了！', 140, 19, 14, '已留言', '2025-01-15 03:46:34', '2025-01-15 03:46:34'),
(367, '這隻寵物真的太可愛了！', 12, 5, 13, '已留言', '2025-01-15 03:46:34', '2025-01-15 03:46:34'),
(368, '這隻寵物真的太可愛了！', 180, 9, 4, '已留言', '2025-01-15 03:46:34', '2025-01-15 03:46:34'),
(369, '這隻寵物真的太可愛了！', 147, 20, 13, '已留言', '2025-01-15 03:46:34', '2025-01-15 03:46:34'),
(370, '這隻寵物真的太可愛了！', 133, 12, 18, '已留言', '2025-01-15 03:46:34', '2025-01-15 03:46:34'),
(371, '這隻寵物真的太可愛了！', 173, 15, 14, '已留言', '2025-01-15 03:46:34', '2025-01-15 03:46:34'),
(372, '這隻寵物真的太可愛了！', 159, 4, 9, '已留言', '2025-01-15 03:46:34', '2025-01-15 03:46:34'),
(373, '這隻寵物真的太可愛了！', 68, 3, 8, '已留言', '2025-01-15 03:46:34', '2025-01-15 03:46:34'),
(374, '這隻寵物真的太可愛了！', 109, 11, 18, '已留言', '2025-01-15 03:46:34', '2025-01-15 03:46:34'),
(375, '這隻寵物真的太可愛了！', 137, 4, 1, '已留言', '2025-01-15 03:46:34', '2025-01-15 03:46:34'),
(376, '這隻寵物真的太可愛了！', 181, 20, 7, '已留言', '2025-01-15 03:46:34', '2025-01-15 03:46:34'),
(377, '這隻寵物真的太可愛了！', 42, 20, 19, '已留言', '2025-01-15 03:46:34', '2025-01-15 03:46:34'),
(378, '這隻寵物真的太可愛了！', 36, 20, 4, '已留言', '2025-01-15 03:46:34', '2025-01-15 03:46:34'),
(379, '這隻寵物真的太可愛了！', 75, 12, 8, '已留言', '2025-01-15 03:46:34', '2025-01-15 03:46:34'),
(380, '這隻寵物真的太可愛了！', 97, 8, 7, '已留言', '2025-01-15 03:46:34', '2025-01-15 03:46:34'),
(381, '這隻寵物真的太可愛了！', 95, 6, 5, '已留言', '2025-01-15 03:46:34', '2025-01-15 03:46:34'),
(382, '這隻寵物真的太可愛了！', 181, 1, 3, '已留言', '2025-01-15 03:46:34', '2025-01-15 03:46:34'),
(383, '這隻寵物真的太可愛了！', 17, 20, 18, '已留言', '2025-01-15 03:46:34', '2025-01-15 03:46:34'),
(384, '這隻寵物真的太可愛了！', 148, 18, 0, '已留言', '2025-01-15 03:46:34', '2025-01-15 03:46:34'),
(385, '這隻寵物真的太可愛了！', 74, 6, 0, '已留言', '2025-01-15 03:46:34', '2025-01-15 03:46:34'),
(386, '這隻寵物真的太可愛了！', 62, 11, 14, '已留言', '2025-01-15 03:46:34', '2025-01-15 03:46:34'),
(387, '這隻寵物真的太可愛了！', 92, 12, 12, '已留言', '2025-01-15 03:46:34', '2025-01-15 03:46:34'),
(388, '這隻寵物真的太可愛了！', 168, 7, 18, '已留言', '2025-01-15 03:46:34', '2025-01-15 03:46:34'),
(389, '這隻寵物真的太可愛了！', 170, 10, 4, '已留言', '2025-01-15 03:46:34', '2025-01-15 03:46:34'),
(390, '這隻寵物真的太可愛了！', 173, 6, 20, '已留言', '2025-01-15 03:46:34', '2025-01-15 03:46:34'),
(391, '這隻寵物真的太可愛了！', 184, 20, 15, '已留言', '2025-01-15 03:46:34', '2025-01-15 03:46:34'),
(392, '這隻寵物真的太可愛了！', 42, 20, 0, '已留言', '2025-01-15 03:46:34', '2025-01-15 03:46:34'),
(393, '這隻寵物真的太可愛了！', 65, 2, 0, '已留言', '2025-01-15 03:46:34', '2025-01-15 03:46:34'),
(394, '這隻寵物真的太可愛了！', 53, 7, 18, '已留言', '2025-01-15 03:46:34', '2025-01-15 03:46:34'),
(395, '這隻寵物真的太可愛了！', 115, 16, 18, '已留言', '2025-01-15 03:46:34', '2025-01-15 03:46:34'),
(396, '這隻寵物真的太可愛了！', 70, 10, 18, '已留言', '2025-01-15 03:46:34', '2025-01-15 03:46:34'),
(397, '這隻寵物真的太可愛了！', 142, 19, 2, '已留言', '2025-01-15 03:46:34', '2025-01-15 03:46:34'),
(398, '這隻寵物真的太可愛了！', 135, 17, 9, '已留言', '2025-01-15 03:46:34', '2025-01-15 03:46:34'),
(399, '這隻寵物真的太可愛了！', 181, 17, 8, '已留言', '2025-01-15 03:46:34', '2025-01-15 03:46:34'),
(400, '這隻寵物真的太可愛了！', 169, 1, 6, '已留言', '2025-01-15 03:46:34', '2025-01-15 03:46:34'),
(401, '這隻寵物真的太可愛了！', 30, 10, 3, '已留言', '2025-01-15 03:46:34', '2025-01-15 03:46:34'),
(402, '這隻寵物真的太可愛了！', 136, 3, 3, '已留言', '2025-01-15 03:46:34', '2025-01-15 03:46:34'),
(403, '這隻寵物真的太可愛了！', 5, 14, 10, '已留言', '2025-01-15 03:46:34', '2025-01-15 03:46:34'),
(404, '這隻寵物真的太可愛了！', 193, 9, 0, '已留言', '2025-01-15 03:46:34', '2025-01-15 03:46:34'),
(405, '這隻寵物真的太可愛了！', 18, 14, 18, '已留言', '2025-01-15 03:46:34', '2025-01-15 03:46:34'),
(406, '這隻寵物真的太可愛了！', 178, 6, 11, '已留言', '2025-01-15 03:46:34', '2025-01-15 03:46:34'),
(407, '這隻寵物真的太可愛了！', 162, 18, 16, '已留言', '2025-01-15 03:46:34', '2025-01-15 03:46:34'),
(408, '這隻寵物真的太可愛了！', 71, 2, 0, '已留言', '2025-01-15 03:46:34', '2025-01-15 03:46:34'),
(409, '這隻寵物真的太可愛了！', 66, 8, 20, '已留言', '2025-01-15 03:46:34', '2025-01-15 03:46:34'),
(410, '這隻寵物真的太可愛了！', 148, 16, 17, '已留言', '2025-01-15 03:46:34', '2025-01-15 03:46:34'),
(411, '這隻寵物真的太可愛了！', 99, 11, 11, '已留言', '2025-01-15 03:46:34', '2025-01-15 03:46:34'),
(412, '這隻寵物真的太可愛了！', 180, 20, 14, '已留言', '2025-01-15 03:46:34', '2025-01-15 03:46:34'),
(413, '這隻寵物真的太可愛了！', 189, 9, 1, '已留言', '2025-01-15 03:46:34', '2025-01-15 03:46:34'),
(414, '這隻寵物真的太可愛了！', 21, 13, 0, '已留言', '2025-01-15 03:46:34', '2025-01-15 03:46:34'),
(415, '這隻寵物真的太可愛了！', 116, 15, 7, '已留言', '2025-01-15 03:46:34', '2025-01-15 03:46:34'),
(416, '這隻寵物真的太可愛了！', 120, 2, 15, '已留言', '2025-01-15 03:46:34', '2025-01-15 03:46:34'),
(417, '這隻寵物真的太可愛了！', 29, 2, 17, '已留言', '2025-01-15 03:46:34', '2025-01-15 03:46:34'),
(418, '這隻寵物真的太可愛了！', 114, 6, 15, '已留言', '2025-01-15 03:46:34', '2025-01-15 03:46:34'),
(419, '這隻寵物真的太可愛了！', 151, 2, 16, '已留言', '2025-01-15 03:46:34', '2025-01-15 03:46:34'),
(420, '這隻寵物真的太可愛了！', 23, 9, 7, '已留言', '2025-01-15 03:46:34', '2025-01-15 03:46:34'),
(421, '這隻寵物真的太可愛了！', 165, 10, 10, '已留言', '2025-01-15 03:46:34', '2025-01-15 03:46:34'),
(422, '這隻寵物真的太可愛了！', 97, 13, 5, '已留言', '2025-01-15 03:46:34', '2025-01-15 03:46:34'),
(423, '這隻寵物真的太可愛了！', 145, 11, 19, '已留言', '2025-01-15 03:46:34', '2025-01-15 03:46:34'),
(424, '這隻寵物真的太可愛了！', 145, 10, 10, '已留言', '2025-01-15 03:46:34', '2025-01-15 03:46:34'),
(425, '這隻寵物真的太可愛了！', 36, 12, 15, '已留言', '2025-01-15 03:46:34', '2025-01-15 03:46:34'),
(426, '這隻寵物真的太可愛了！', 93, 1, 0, '已留言', '2025-01-15 03:46:34', '2025-01-15 03:46:34'),
(427, '這隻寵物真的太可愛了！', 59, 13, 0, '已留言', '2025-01-15 03:46:34', '2025-01-15 03:46:34'),
(428, '這隻寵物真的太可愛了！', 168, 1, 19, '已留言', '2025-01-15 03:46:34', '2025-01-15 03:46:34'),
(429, '這隻寵物真的太可愛了！', 197, 2, 0, '已留言', '2025-01-15 03:46:34', '2025-01-15 03:46:34'),
(430, '這隻寵物真的太可愛了！', 85, 12, 8, '已留言', '2025-01-15 03:46:34', '2025-01-15 03:46:34'),
(431, '這隻寵物真的太可愛了！', 38, 6, 15, '已留言', '2025-01-15 03:46:34', '2025-01-15 03:46:34'),
(432, '這隻寵物真的太可愛了！', 49, 15, 10, '已留言', '2025-01-15 03:46:34', '2025-01-15 03:46:34'),
(433, '這隻寵物真的太可愛了！', 21, 10, 7, '已留言', '2025-01-15 03:46:34', '2025-01-15 03:46:34'),
(434, '這隻寵物真的太可愛了！', 100, 13, 17, '已留言', '2025-01-15 03:46:34', '2025-01-15 03:46:34'),
(435, '這隻寵物真的太可愛了！', 156, 2, 2, '已留言', '2025-01-15 03:46:34', '2025-01-15 03:46:34'),
(436, '這隻寵物真的太可愛了！', 13, 10, 15, '已留言', '2025-01-15 03:46:34', '2025-01-15 03:46:34'),
(437, '這隻寵物真的太可愛了！', 129, 18, 0, '已留言', '2025-01-15 03:46:34', '2025-01-15 03:46:34'),
(438, '這隻寵物真的太可愛了！', 187, 14, 15, '已留言', '2025-01-15 03:46:34', '2025-01-15 03:46:34'),
(439, '這隻寵物真的太可愛了！', 108, 7, 20, '已留言', '2025-01-15 03:46:34', '2025-01-15 03:46:34'),
(440, '這隻寵物真的太可愛了！', 87, 12, 18, '已留言', '2025-01-15 03:46:34', '2025-01-15 03:46:34'),
(441, '這隻寵物真的太可愛了！', 112, 15, 8, '已留言', '2025-01-15 03:46:34', '2025-01-15 03:46:34'),
(442, '這隻寵物真的太可愛了！', 28, 9, 12, '已留言', '2025-01-15 03:46:34', '2025-01-15 03:46:34'),
(443, '這隻寵物真的太可愛了！', 92, 13, 1, '已留言', '2025-01-15 03:46:34', '2025-01-15 03:46:34'),
(444, '這隻寵物真的太可愛了！', 107, 11, 16, '已留言', '2025-01-15 03:46:34', '2025-01-15 03:46:34'),
(445, '這隻寵物真的太可愛了！', 119, 16, 5, '已留言', '2025-01-15 03:46:34', '2025-01-15 03:46:34'),
(446, '這隻寵物真的太可愛了！', 167, 3, 3, '已留言', '2025-01-15 03:46:34', '2025-01-15 03:46:34'),
(447, '這隻寵物真的太可愛了！', 55, 6, 14, '已留言', '2025-01-15 03:46:34', '2025-01-15 03:46:34'),
(448, '這隻寵物真的太可愛了！', 90, 16, 18, '已留言', '2025-01-15 03:46:34', '2025-01-15 03:46:34'),
(449, '這隻寵物真的太可愛了！', 11, 14, 17, '已留言', '2025-01-15 03:46:34', '2025-01-15 03:46:34'),
(450, '這隻寵物真的太可愛了！', 170, 19, 19, '已留言', '2025-01-15 03:46:34', '2025-01-15 03:46:34'),
(451, '這隻寵物真的太可愛了！', 151, 17, 8, '已留言', '2025-01-15 03:46:34', '2025-01-15 03:46:34'),
(452, '這隻寵物真的太可愛了！', 86, 11, 12, '已留言', '2025-01-15 03:46:34', '2025-01-15 03:46:34'),
(453, '這隻寵物真的太可愛了！', 51, 12, 17, '已留言', '2025-01-15 03:46:34', '2025-01-15 03:46:34'),
(454, '這隻寵物真的太可愛了！', 187, 4, 6, '已留言', '2025-01-15 03:46:34', '2025-01-15 03:46:34'),
(455, '這隻寵物真的太可愛了！', 152, 17, 0, '已留言', '2025-01-15 03:46:34', '2025-01-15 03:46:34'),
(456, '這隻寵物真的太可愛了！', 191, 18, 17, '已留言', '2025-01-15 03:46:34', '2025-01-15 03:46:34'),
(457, '這隻寵物真的太可愛了！', 112, 20, 20, '已留言', '2025-01-15 03:46:34', '2025-01-15 03:46:34'),
(458, '這隻寵物真的太可愛了！', 152, 17, 17, '已留言', '2025-01-15 03:46:34', '2025-01-15 03:46:34'),
(459, '這隻寵物真的太可愛了！', 117, 7, 14, '已留言', '2025-01-15 03:46:34', '2025-01-15 03:46:34'),
(460, '這隻寵物真的太可愛了！', 189, 1, 15, '已留言', '2025-01-15 03:46:34', '2025-01-15 03:46:34'),
(461, '這隻寵物真的太可愛了！', 113, 11, 16, '已留言', '2025-01-15 03:46:34', '2025-01-15 03:46:34'),
(462, '這隻寵物真的太可愛了！', 86, 10, 4, '已留言', '2025-01-15 03:46:34', '2025-01-15 03:46:34'),
(463, '這隻寵物真的太可愛了！', 157, 15, 15, '已留言', '2025-01-15 03:46:34', '2025-01-15 03:46:34'),
(464, '這隻寵物真的太可愛了！', 32, 19, 11, '已留言', '2025-01-15 03:46:34', '2025-01-15 03:46:34'),
(465, '這隻寵物真的太可愛了！', 73, 11, 17, '已留言', '2025-01-15 03:46:34', '2025-01-15 03:46:34'),
(466, '這隻寵物真的太可愛了！', 112, 13, 11, '已留言', '2025-01-15 03:46:34', '2025-01-15 03:46:34'),
(467, '這隻寵物真的太可愛了！', 29, 14, 19, '已留言', '2025-01-15 03:46:34', '2025-01-15 03:46:34'),
(468, '這隻寵物真的太可愛了！', 67, 20, 5, '已留言', '2025-01-15 03:46:34', '2025-01-15 03:46:34'),
(469, '這隻寵物真的太可愛了！', 8, 7, 8, '已留言', '2025-01-15 03:46:34', '2025-01-15 03:46:34'),
(470, '這隻寵物真的太可愛了！', 17, 10, 0, '已留言', '2025-01-15 03:46:34', '2025-01-15 03:46:34'),
(471, '這隻寵物真的太可愛了！', 96, 5, 0, '已留言', '2025-01-15 03:46:34', '2025-01-15 03:46:34'),
(472, '這隻寵物真的太可愛了！', 181, 4, 15, '已留言', '2025-01-15 03:46:34', '2025-01-15 03:46:34'),
(473, '這隻寵物真的太可愛了！', 38, 4, 13, '已留言', '2025-01-15 03:46:34', '2025-01-15 03:46:34'),
(474, '這隻寵物真的太可愛了！', 34, 20, 7, '已留言', '2025-01-15 03:46:34', '2025-01-15 03:46:34'),
(475, '這隻寵物真的太可愛了！', 34, 7, 1, '已留言', '2025-01-15 03:46:34', '2025-01-15 03:46:34'),
(476, '這隻寵物真的太可愛了！', 50, 5, 6, '已留言', '2025-01-15 03:46:34', '2025-01-15 03:46:34'),
(477, '這隻寵物真的太可愛了！', 29, 6, 9, '已留言', '2025-01-15 03:46:34', '2025-01-15 03:46:34'),
(478, '這隻寵物真的太可愛了！', 75, 11, 19, '已留言', '2025-01-15 03:46:34', '2025-01-15 03:46:34'),
(479, '這隻寵物真的太可愛了！', 182, 19, 20, '已留言', '2025-01-15 03:46:34', '2025-01-15 03:46:34'),
(480, '這隻寵物真的太可愛了！', 16, 12, 7, '已留言', '2025-01-15 03:46:34', '2025-01-15 03:46:34'),
(481, '這隻寵物真的太可愛了！', 94, 16, 17, '已留言', '2025-01-15 03:46:34', '2025-01-15 03:46:34'),
(482, '這隻寵物真的太可愛了！', 199, 17, 7, '已留言', '2025-01-15 03:46:34', '2025-01-15 03:46:34'),
(483, '這隻寵物真的太可愛了！', 106, 9, 14, '已留言', '2025-01-15 03:46:34', '2025-01-15 03:46:34'),
(484, '這隻寵物真的太可愛了！', 50, 19, 8, '已留言', '2025-01-15 03:46:34', '2025-01-15 03:46:34'),
(485, '這隻寵物真的太可愛了！', 1, 3, 6, '已留言', '2025-01-15 03:46:34', '2025-01-15 03:46:34'),
(486, '這隻寵物真的太可愛了！', 44, 18, 14, '已留言', '2025-01-15 03:46:34', '2025-01-15 03:46:34'),
(487, '這隻寵物真的太可愛了！', 146, 16, 14, '已留言', '2025-01-15 03:46:34', '2025-01-15 03:46:34'),
(488, '這隻寵物真的太可愛了！', 102, 15, 8, '已留言', '2025-01-15 03:46:34', '2025-01-15 03:46:34'),
(489, '這隻寵物真的太可愛了！', 4, 13, 6, '已留言', '2025-01-15 03:46:34', '2025-01-15 03:46:34'),
(490, '這隻寵物真的太可愛了！', 65, 7, 12, '已留言', '2025-01-15 03:46:34', '2025-01-15 03:46:34'),
(491, '這隻寵物真的太可愛了！', 78, 17, 3, '已留言', '2025-01-15 03:46:34', '2025-01-15 03:46:34'),
(492, '這隻寵物真的太可愛了！', 129, 8, 16, '已留言', '2025-01-15 03:46:34', '2025-01-15 03:46:34'),
(493, '這隻寵物真的太可愛了！', 81, 5, 14, '已留言', '2025-01-15 03:46:34', '2025-01-15 03:46:34'),
(494, '這隻寵物真的太可愛了！', 5, 2, 15, '已留言', '2025-01-15 03:46:34', '2025-01-15 03:46:34'),
(495, '這隻寵物真的太可愛了！', 93, 8, 14, '已留言', '2025-01-15 03:46:34', '2025-01-15 03:46:34'),
(496, '這隻寵物真的太可愛了！', 85, 4, 11, '已留言', '2025-01-15 03:46:34', '2025-01-15 03:46:34'),
(497, '這隻寵物真的太可愛了！', 189, 20, 15, '已留言', '2025-01-15 03:46:34', '2025-01-15 03:46:34'),
(498, '這隻寵物真的太可愛了！', 1, 11, 5, '已留言', '2025-01-15 03:46:34', '2025-01-15 03:46:34'),
(499, '這隻寵物真的太可愛了！', 189, 12, 11, '已留言', '2025-01-15 03:46:34', '2025-01-15 03:46:34'),
(500, '這隻寵物真的太可愛了！', 190, 12, 9, '已留言', '2025-01-15 03:46:34', '2025-01-15 03:46:34');

-- --------------------------------------------------------

--
-- 資料表結構 `donations`
--

CREATE TABLE `donations` (
  `id` int NOT NULL,
  `donation_type` varchar(20) CHARACTER SET utf8mb4 COLLATE utf8mb4_general_ci NOT NULL,
  `pet_id` int DEFAULT NULL,
  `amount` int NOT NULL,
  `donation_mode` varchar(20) CHARACTER SET utf8mb4 COLLATE utf8mb4_general_ci NOT NULL,
  `regular_payment_date` date DEFAULT NULL,
  `is_anonymous` int NOT NULL DEFAULT '0',
  `payment_method` varchar(20) CHARACTER SET utf8mb4 COLLATE utf8mb4_general_ci NOT NULL,
  `create_datetime` datetime NOT NULL DEFAULT CURRENT_TIMESTAMP,
  `user_id` int DEFAULT NULL,
  `is_receipt_needed` int NOT NULL DEFAULT '1',
  `donor_name` varchar(80) CHARACTER SET utf8mb4 COLLATE utf8mb4_general_ci NOT NULL,
  `donor_phone` varchar(10) CHARACTER SET utf8mb4 COLLATE utf8mb4_general_ci NOT NULL,
  `donor_email` varchar(80) CHARACTER SET utf8mb4 COLLATE utf8mb4_general_ci NOT NULL
) ENGINE=InnoDB DEFAULT CHARSET=utf8mb4 COLLATE=utf8mb4_general_ci;

--
-- 傾印資料表的資料 `donations`
--

INSERT INTO `donations` (`id`, `donation_type`, `pet_id`, `amount`, `donation_mode`, `regular_payment_date`, `is_anonymous`, `payment_method`, `create_datetime`, `user_id`, `is_receipt_needed`, `donor_name`, `donor_phone`, `donor_email`) VALUES
(1, '醫療救援', NULL, 800, '一次性捐款', NULL, 0, '信用卡', '2025-01-10 10:00:00', 1, 1, '王小明', '0911111111', 'wang@gmail.com'),
(2, '線上認養', 2, 1200, '一次性捐款', NULL, 1, '銀行轉帳', '2025-01-11 11:00:00', 2, 0, '匿名', '匿名', '匿名'),
(3, '醫療救援', NULL, 1500, '定期捐款', '2025-02-15', 0, '信用卡', '2025-01-12 12:00:00', 10, 1, '孫小美', '0945678678', 'a45678@gmail.com'),
(4, '捐予平台', NULL, 600, '一次性捐款', NULL, 0, '信用卡', '2025-01-13 13:00:00', 11, 0, '李浩偉', '0912789456', 'a789456@yahoo.com'),
(5, '醫療救援', NULL, 900, '一次性捐款', NULL, 1, '銀行轉帳', '2025-01-14 14:00:00', NULL, 1, '匿名', '匿名', '匿名'),
(6, '線上認養', 3, 1000, '一次性捐款', NULL, 0, '信用卡', '2025-01-15 15:00:00', NULL, 1, '李華', '0944444444', 'li@gmail.com'),
(7, '醫療救援', NULL, 500, '定期捐款', '2025-03-01', 0, '信用卡', '2025-01-16 16:00:00', NULL, 1, '陳志宏', '0955555555', 'chen@gmail.com'),
(8, '捐予平台', NULL, 2000, '一次性捐款', NULL, 1, '銀行轉帳', '2025-01-17 17:00:00', NULL, 0, '匿名', '匿名', '匿名'),
(9, '醫療救援', NULL, 700, '一次性捐款', NULL, 0, '信用卡', '2025-01-18 18:00:00', NULL, 1, '黃淑芬', '0966666666', 'huang@gmail.com'),
(10, '線上認養', 4, 300, '一次性捐款', NULL, 0, '信用卡', '2025-01-19 19:00:00', NULL, 1, '周杰倫', '0977777777', 'zhou@gmail.com');

-- --------------------------------------------------------

--
-- 資料表結構 `expenses`
--

CREATE TABLE `expenses` (
  `id` int NOT NULL,
  `expense_purpose` varchar(50) CHARACTER SET utf8mb4 COLLATE utf8mb4_general_ci NOT NULL,
  `amount` int NOT NULL,
  `created_by` int NOT NULL,
  `expense_date` date NOT NULL,
  `e_description` text CHARACTER SET utf8mb4 COLLATE utf8mb4_general_ci,
  `refund_id` int DEFAULT NULL
) ENGINE=InnoDB DEFAULT CHARSET=utf8mb4 COLLATE=utf8mb4_general_ci;

--
-- 傾印資料表的資料 `expenses`
--

INSERT INTO `expenses` (`id`, `expense_purpose`, `amount`, `created_by`, `expense_date`, `e_description`, `refund_id`) VALUES
(1, '醫療費用', 1500, 1, '2025-01-01', '寵物疾病治療費用', NULL),
(2, '行政開支', 800, 2, '2025-01-02', '辦公室租金及行政費用', NULL),
(3, '食品採購', 1200, 3, '2025-01-03', '採購寵物食品及營養品', NULL),
(4, '宣傳活動', 2000, 4, '2025-01-04', '為活動印刷和宣傳花費', NULL),
(5, '設備維修', 500, 5, '2025-01-05', '修理救援設備和設施', NULL),
(6, '醫療費用', 1800, 1, '2025-01-06', '手術及住院費用', NULL),
(7, '志工招募', 700, 2, '2025-01-07', '志工培訓和招募支出', NULL),
(8, '交通費用', 300, 3, '2025-01-08', '救援行動中的交通花費', NULL),
(9, '器材採購', 1000, 4, '2025-01-09', '購買新的救援器材', NULL),
(10, '食品採購', 1400, 5, '2025-01-10', '額外補充的食品採購', NULL);

-- --------------------------------------------------------

--
-- 資料表結構 `follows`
--

CREATE TABLE `follows` (
  `id` int NOT NULL,
  `following_user_id` int NOT NULL,
  `followed_user_id` int NOT NULL,
  `created_at` timestamp NULL DEFAULT CURRENT_TIMESTAMP
) ENGINE=InnoDB DEFAULT CHARSET=utf8mb4 COLLATE=utf8mb4_general_ci;

--
-- 傾印資料表的資料 `follows`
--

INSERT INTO `follows` (`id`, `following_user_id`, `followed_user_id`, `created_at`) VALUES
(1, 11, 16, '2025-01-15 03:46:50'),
(2, 1, 18, '2025-01-15 03:46:50'),
(3, 1, 17, '2025-01-15 03:46:50'),
(4, 2, 8, '2025-01-15 03:46:50'),
(5, 11, 7, '2025-01-15 03:46:50'),
(6, 17, 2, '2025-01-15 03:46:50'),
(7, 19, 3, '2025-01-15 03:46:50'),
(8, 11, 15, '2025-01-15 03:46:50'),
(9, 14, 18, '2025-01-15 03:46:50'),
(10, 8, 7, '2025-01-15 03:46:50'),
(11, 11, 3, '2025-01-15 03:46:50'),
(12, 4, 7, '2025-01-15 03:46:50'),
(13, 14, 16, '2025-01-15 03:46:50'),
(14, 2, 17, '2025-01-15 03:46:50'),
(15, 12, 18, '2025-01-15 03:46:50'),
(16, 20, 8, '2025-01-15 03:46:50'),
(17, 14, 2, '2025-01-15 03:46:50'),
(18, 15, 19, '2025-01-15 03:46:50'),
(19, 3, 2, '2025-01-15 03:46:50'),
(20, 4, 15, '2025-01-15 03:46:50'),
(21, 8, 2, '2025-01-15 03:46:50'),
(22, 18, 8, '2025-01-15 03:46:50'),
(23, 14, 4, '2025-01-15 03:46:50'),
(24, 16, 10, '2025-01-15 03:46:50'),
(25, 8, 11, '2025-01-15 03:46:50'),
(26, 2, 18, '2025-01-15 03:46:50'),
(27, 4, 13, '2025-01-15 03:46:50'),
(28, 18, 4, '2025-01-15 03:46:50'),
(29, 13, 16, '2025-01-15 03:46:50'),
(30, 14, 7, '2025-01-15 03:46:50'),
(31, 11, 8, '2025-01-15 03:46:50'),
(32, 10, 15, '2025-01-15 03:46:50'),
(33, 7, 19, '2025-01-15 03:46:50'),
(34, 5, 12, '2025-01-15 03:46:50'),
(35, 6, 2, '2025-01-15 03:46:50'),
(36, 19, 16, '2025-01-15 03:46:50'),
(37, 13, 18, '2025-01-15 03:46:50'),
(38, 1, 20, '2025-01-15 03:46:50'),
(39, 9, 7, '2025-01-15 03:46:50'),
(40, 16, 17, '2025-01-15 03:46:50'),
(41, 5, 15, '2025-01-15 03:46:50'),
(42, 9, 15, '2025-01-15 03:46:50'),
(43, 10, 8, '2025-01-15 03:46:50'),
(44, 12, 13, '2025-01-15 03:46:50'),
(45, 4, 19, '2025-01-15 03:46:50'),
(46, 8, 9, '2025-01-15 03:46:50'),
(47, 16, 13, '2025-01-15 03:46:50'),
(48, 17, 10, '2025-01-15 03:46:50'),
(49, 19, 8, '2025-01-15 03:46:50'),
(50, 3, 11, '2025-01-15 03:46:50');

-- --------------------------------------------------------

--
-- 資料表結構 `manager`
--

CREATE TABLE `manager` (
  `id` int NOT NULL,
  `manager_account` varchar(255) DEFAULT NULL,
  `manager_password` varchar(255) DEFAULT NULL,
  `manager_privileges` varchar(255) DEFAULT NULL
) ENGINE=InnoDB DEFAULT CHARSET=utf8mb4 COLLATE=utf8mb4_0900_ai_ci;

--
-- 傾印資料表的資料 `manager`
--

INSERT INTO `manager` (`id`, `manager_account`, `manager_password`, `manager_privileges`) VALUES
(1, 'ren', '0408', 'pet'),
(2, 'sheng', '0122', 'donation'),
(3, 'ching', '0713', 'shop'),
(4, 'ting', '0225', 'post'),
(5, 'weng', '1130', 'member');

-- --------------------------------------------------------

--
-- 資料表結構 `orders`
--

CREATE TABLE `orders` (
  `order_id` varchar(30) CHARACTER SET utf8mb4 COLLATE utf8mb4_general_ci NOT NULL,
  `user_id` int NOT NULL,
  `total_price` int NOT NULL,
  `order_status` varchar(15) CHARACTER SET utf8mb4 COLLATE utf8mb4_general_ci NOT NULL,
  `payment_method` varchar(20) CHARACTER SET utf8mb4 COLLATE utf8mb4_general_ci NOT NULL,
  `payment_status` varchar(20) CHARACTER SET utf8mb4 COLLATE utf8mb4_general_ci NOT NULL,
  `invoice_method` varchar(20) CHARACTER SET utf8mb4 COLLATE utf8mb4_general_ci NOT NULL,
  `invoice` varchar(50) CHARACTER SET utf8mb4 COLLATE utf8mb4_general_ci NOT NULL,
  `mobile_barcode` varchar(50) CHARACTER SET utf8mb4 COLLATE utf8mb4_general_ci DEFAULT NULL,
  `taxID_number` varchar(50) CHARACTER SET utf8mb4 COLLATE utf8mb4_general_ci DEFAULT NULL,
  `recipient_name` varchar(50) CHARACTER SET utf8mb4 COLLATE utf8mb4_general_ci NOT NULL,
  `recipient_phone` int NOT NULL,
  `recipient_email` varchar(50) CHARACTER SET utf8mb4 COLLATE utf8mb4_general_ci NOT NULL,
  `remark` varchar(50) CHARACTER SET utf8mb4 COLLATE utf8mb4_general_ci DEFAULT NULL,
  `shipping_method` varchar(255) CHARACTER SET utf8mb4 COLLATE utf8mb4_general_ci NOT NULL,
  `shipping_address` varchar(255) CHARACTER SET utf8mb4 COLLATE utf8mb4_general_ci NOT NULL,
  `tracking_number` varchar(255) CHARACTER SET utf8mb4 COLLATE utf8mb4_general_ci DEFAULT NULL,
  `shipped_at` datetime DEFAULT NULL,
  `created_at` datetime NOT NULL DEFAULT CURRENT_TIMESTAMP,
  `finish_at` datetime DEFAULT NULL,
  `updated_at` datetime NOT NULL DEFAULT CURRENT_TIMESTAMP ON UPDATE CURRENT_TIMESTAMP
) ENGINE=InnoDB DEFAULT CHARSET=utf8mb4 COLLATE=utf8mb4_general_ci;

-- --------------------------------------------------------

--
-- 資料表結構 `order_items`
--

CREATE TABLE `order_items` (
  `order_item_id` int NOT NULL,
  `order_id` varchar(30) CHARACTER SET utf8mb4 COLLATE utf8mb4_general_ci NOT NULL,
  `product_id` int DEFAULT NULL,
  `variant_id` int DEFAULT NULL,
  `quantity` int NOT NULL,
  `price` int NOT NULL,
  `return_status` varchar(20) CHARACTER SET utf8mb4 COLLATE utf8mb4_general_ci DEFAULT NULL,
  `returned_quantity` int DEFAULT '0'
) ENGINE=InnoDB DEFAULT CHARSET=utf8mb4 COLLATE=utf8mb4_general_ci;

-- --------------------------------------------------------

--
-- 資料表結構 `pets`
--

CREATE TABLE `pets` (
  `id` int NOT NULL,
  `name` varchar(50) DEFAULT NULL,
  `gender` varchar(50) DEFAULT NULL,
  `species` varchar(50) NOT NULL,
  `variety` varchar(255) DEFAULT NULL,
  `birthday` date DEFAULT NULL,
  `weight` decimal(10,2) DEFAULT NULL,
  `chip_number` varchar(50) DEFAULT NULL,
  `fixed` tinyint(1) DEFAULT NULL,
  `story` text,
  `store_id` int DEFAULT NULL,
  `created_at` timestamp NOT NULL DEFAULT CURRENT_TIMESTAMP,
  `is_adopted` tinyint(1) NOT NULL,
  `main_photo` varchar(255) DEFAULT NULL
) ENGINE=InnoDB DEFAULT CHARSET=utf8mb4 COLLATE=utf8mb4_0900_ai_ci;

--
-- 傾印資料表的資料 `pets`
--

INSERT INTO `pets` (`id`, `name`, `gender`, `species`, `variety`, `birthday`, `weight`, `chip_number`, `fixed`, `story`, `store_id`, `created_at`, `is_adopted`, `main_photo`) VALUES
(1, 'Pet1', '母', '狗', '貴賓', '2024-01-31', 31.84, '8958766700', 1, 'This is the story of Pet1. It is a very lovely pet.', 1, '2025-01-14 19:39:05', 0, ''),
(2, 'Pet2', '母', '貓', '波斯貓', '2020-05-05', 49.46, '5354310530', 1, 'This is the story of Pet2. It is a very lovely pet.', 6, '2025-01-14 19:39:05', 1, ''),
(3, 'Pet3', '公', '貓', '暹羅貓', '2022-05-23', 13.76, '5803740308', 0, 'This is the story of Pet3. It is a very lovely pet.', 10, '2025-01-14 19:39:05', 1, ''),
(4, 'Pet4', '母', '其他', '未知', '2018-09-07', 7.61, '8524556371', 1, 'This is the story of Pet4. It is a very lovely pet.', 10, '2025-01-14 19:39:05', 0, ''),
(5, 'Pet5', '公', '貓', '米克斯', '2024-01-31', 31.24, '8362333427', 0, 'This is the story of Pet5. It is a very lovely pet.', 3, '2025-01-14 19:39:05', 0, ''),
(6, 'Pet6', '母', '狗', '貴賓', '2017-12-03', 39.47, '8100980331', 1, 'This is the story of Pet6. It is a very lovely pet.', 9, '2025-01-14 19:39:05', 1, ''),
(7, 'Pet7', '公', '狗', '貴賓', '2021-04-08', 13.25, '1917984366', 0, 'This is the story of Pet7. It is a very lovely pet.', 8, '2025-01-14 19:39:05', 0, ''),
(8, 'Pet8', '母', '貓', '米克斯', '2023-10-08', 21.83, '8010308590', 1, 'This is the story of Pet8. It is a very lovely pet.', 3, '2025-01-14 19:39:05', 0, ''),
(9, 'Pet9', '公', '狗', '貴賓', '2019-10-19', 5.41, '9662287653', 1, 'This is the story of Pet9. It is a very lovely pet.', 7, '2025-01-14 19:39:05', 1, ''),
(10, 'Pet10', '公', '其他', '未知', '2015-01-24', 27.88, '7925170657', 0, 'This is the story of Pet10. It is a very lovely pet.', 5, '2025-01-14 19:39:05', 0, ''),
(11, 'Pet11', '公', '其他', '未知', '2024-12-01', 40.67, '0289899753', 1, 'This is the story of Pet11. It is a very lovely pet.', 1, '2025-01-14 19:39:05', 0, ''),
(12, 'Pet12', '公', '狗', '柴犬', '2022-01-04', 12.21, '3102898069', 1, 'This is the story of Pet12. It is a very lovely pet.', 4, '2025-01-14 19:39:05', 0, ''),
(13, 'Pet13', '公', '貓', '暹羅貓', '2021-07-16', 1.60, '1084685140', 0, 'This is the story of Pet13. It is a very lovely pet.', 2, '2025-01-14 19:39:05', 1, ''),
(14, 'Pet14', '公', '貓', '暹羅貓', '2018-06-29', 35.50, '5838767108', 1, 'This is the story of Pet14. It is a very lovely pet.', 7, '2025-01-14 19:39:05', 0, ''),
(15, 'Pet15', '公', '貓', '暹羅貓', '2021-07-29', 14.25, '3840784824', 0, 'This is the story of Pet15. It is a very lovely pet.', 7, '2025-01-14 19:39:05', 0, ''),
(16, 'Pet16', '母', '狗', '貴賓', '2017-07-26', 31.68, '9241156455', 1, 'This is the story of Pet16. It is a very lovely pet.', 10, '2025-01-14 19:39:05', 1, ''),
(17, 'Pet17', '公', '其他', '未知', '2018-01-02', 31.15, '0016294075', 0, 'This is the story of Pet17. It is a very lovely pet.', 1, '2025-01-14 19:39:05', 1, ''),
(18, 'Pet18', '公', '貓', '波斯貓', '2019-01-01', 15.74, '7608557340', 1, 'This is the story of Pet18. It is a very lovely pet.', 6, '2025-01-14 19:39:05', 0, ''),
(19, 'Pet19', '公', '其他', '未知', '2020-01-06', 9.73, '4635533666', 1, 'This is the story of Pet19. It is a very lovely pet.', 2, '2025-01-14 19:39:05', 0, ''),
(20, 'Pet20', '公', '狗', '柴犬', '2023-06-11', 26.17, '1360594687', 0, 'This is the story of Pet20. It is a very lovely pet.', 4, '2025-01-14 19:39:05', 0, ''),
(21, 'Pet21', '公', '貓', '波斯貓', '2015-03-10', 16.35, '6766519226', 0, 'This is the story of Pet21. It is a very lovely pet.', 7, '2025-01-14 19:39:05', 1, ''),
(22, 'Pet22', '母', '其他', '未知', '2018-03-08', 21.21, '0618406404', 0, 'This is the story of Pet22. It is a very lovely pet.', 9, '2025-01-14 19:39:05', 1, ''),
(23, 'Pet23', '公', '狗', '柴犬', '2016-05-23', 48.07, '2107347912', 0, 'This is the story of Pet23. It is a very lovely pet.', 6, '2025-01-14 19:39:05', 0, ''),
(24, 'Pet24', '公', '狗', '拉布拉多', '2022-12-07', 0.90, '4573131570', 0, 'This is the story of Pet24. It is a very lovely pet.', 3, '2025-01-14 19:39:05', 1, ''),
(25, 'Pet25', '母', '其他', '未知', '2017-10-25', 29.35, '7660648102', 0, 'This is the story of Pet25. It is a very lovely pet.', 1, '2025-01-14 19:39:05', 0, ''),
(26, 'Pet26', '公', '其他', '未知', '2016-06-07', 18.12, '2281587554', 0, 'This is the story of Pet26. It is a very lovely pet.', 8, '2025-01-14 19:39:05', 1, ''),
(27, 'Pet27', '公', '其他', '未知', '2015-03-28', 24.84, '5398888592', 0, 'This is the story of Pet27. It is a very lovely pet.', 6, '2025-01-14 19:39:05', 0, ''),
(28, 'Pet28', '公', '貓', '暹羅貓', '2015-08-08', 48.81, '0468828836', 0, 'This is the story of Pet28. It is a very lovely pet.', 1, '2025-01-14 19:39:05', 0, ''),
(29, 'Pet29', '母', '其他', '未知', '2019-05-24', 38.86, '1899284098', 1, 'This is the story of Pet29. It is a very lovely pet.', 8, '2025-01-14 19:39:05', 1, ''),
(30, 'Pet30', '公', '貓', '暹羅貓', '2021-06-22', 26.19, '5481030573', 0, 'This is the story of Pet30. It is a very lovely pet.', 5, '2025-01-14 19:39:05', 0, ''),
(31, 'Pet31', '母', '其他', '未知', '2018-10-17', 29.75, '0993144783', 1, 'This is the story of Pet31. It is a very lovely pet.', 2, '2025-01-14 19:39:05', 0, ''),
(32, 'Pet32', '公', '其他', '未知', '2019-07-13', 27.14, '0593640059', 1, 'This is the story of Pet32. It is a very lovely pet.', 9, '2025-01-14 19:39:05', 0, ''),
(33, 'Pet33', '母', '貓', '波斯貓', '2018-04-28', 45.00, '4827728620', 1, 'This is the story of Pet33. It is a very lovely pet.', 5, '2025-01-14 19:39:05', 0, ''),
(34, 'Pet34', '母', '狗', '貴賓', '2024-05-01', 31.03, '8904288846', 1, 'This is the story of Pet34. It is a very lovely pet.', 7, '2025-01-14 19:39:05', 0, ''),
(35, 'Pet35', '公', '貓', '波斯貓', '2021-02-18', 43.79, '2065237315', 0, 'This is the story of Pet35. It is a very lovely pet.', 9, '2025-01-14 19:39:05', 0, ''),
(36, 'Pet36', '母', '其他', '未知', '2021-06-25', 22.55, '1866115733', 1, 'This is the story of Pet36. It is a very lovely pet.', 10, '2025-01-14 19:39:05', 0, ''),
(37, 'Pet37', '母', '狗', '米克斯', '2017-08-12', 21.76, '9451071907', 0, 'This is the story of Pet37. It is a very lovely pet.', 1, '2025-01-14 19:39:05', 0, ''),
(38, 'Pet38', '母', '貓', '米克斯', '2018-10-14', 34.05, '5264351931', 1, 'This is the story of Pet38. It is a very lovely pet.', 1, '2025-01-14 19:39:05', 0, ''),
(39, 'Pet39', '公', '其他', '未知', '2023-07-27', 41.37, '6941832272', 1, 'This is the story of Pet39. It is a very lovely pet.', 4, '2025-01-14 19:39:05', 1, ''),
(40, 'Pet40', '公', '貓', '米克斯', '2015-04-02', 28.35, '8953864032', 1, 'This is the story of Pet40. It is a very lovely pet.', 7, '2025-01-14 19:39:05', 0, ''),
(41, 'Pet41', '母', '狗', '拉布拉多', '2015-05-14', 40.46, '1410790720', 0, 'This is the story of Pet41. It is a very lovely pet.', 10, '2025-01-14 19:39:05', 1, ''),
(42, 'Pet42', '公', '貓', '米克斯', '2016-07-26', 39.61, '4168527381', 1, 'This is the story of Pet42. It is a very lovely pet.', 4, '2025-01-14 19:39:05', 0, ''),
(43, 'Pet43', '母', '貓', '米克斯', '2024-02-21', 8.23, '5517537877', 0, 'This is the story of Pet43. It is a very lovely pet.', 6, '2025-01-14 19:39:05', 1, ''),
(44, 'Pet44', '母', '狗', '拉布拉多', '2016-08-13', 42.07, '6773139169', 1, 'This is the story of Pet44. It is a very lovely pet.', 9, '2025-01-14 19:39:05', 0, ''),
(45, 'Pet45', '公', '其他', '未知', '2024-08-03', 48.31, '6950105788', 1, 'This is the story of Pet45. It is a very lovely pet.', 3, '2025-01-14 19:39:05', 1, ''),
(46, 'Pet46', '母', '其他', '未知', '2017-03-18', 42.05, '8546836467', 1, 'This is the story of Pet46. It is a very lovely pet.', 7, '2025-01-14 19:39:05', 0, ''),
(47, 'Pet47', '母', '狗', '貴賓', '2020-09-30', 12.83, '9938004164', 0, 'This is the story of Pet47. It is a very lovely pet.', 5, '2025-01-14 19:39:05', 0, ''),
(48, 'Pet48', '公', '狗', '柴犬', '2024-11-20', 33.10, '2633026505', 0, 'This is the story of Pet48. It is a very lovely pet.', 4, '2025-01-14 19:39:05', 1, ''),
(49, 'Pet49', '公', '狗', '米克斯', '2015-10-10', 45.80, '7972368660', 0, 'This is the story of Pet49. It is a very lovely pet.', 3, '2025-01-14 19:39:05', 1, ''),
(50, 'Pet50', '公', '狗', '柴犬', '2023-01-04', 22.19, '6094262344', 1, 'This is the story of Pet50. It is a very lovely pet.', 6, '2025-01-14 19:39:05', 1, ''),
(51, 'Pet51', '母', '其他', '未知', '2020-11-18', 14.54, '2048150125', 0, 'This is the story of Pet51. It is a very lovely pet.', 3, '2025-01-14 19:39:05', 0, ''),
(52, 'Pet52', '母', '其他', '未知', '2017-04-14', 39.88, '6592692552', 1, 'This is the story of Pet52. It is a very lovely pet.', 10, '2025-01-14 19:39:05', 1, ''),
(53, 'Pet53', '公', '其他', '未知', '2019-11-21', 23.27, '7791052495', 0, 'This is the story of Pet53. It is a very lovely pet.', 4, '2025-01-14 19:39:05', 0, ''),
(54, 'Pet54', '公', '狗', '柴犬', '2023-05-13', 13.81, '8769647747', 1, 'This is the story of Pet54. It is a very lovely pet.', 1, '2025-01-14 19:39:05', 0, ''),
(55, 'Pet55', '母', '貓', '暹羅貓', '2024-11-30', 31.58, '1192605412', 1, 'This is the story of Pet55. It is a very lovely pet.', 7, '2025-01-14 19:39:05', 0, ''),
(56, 'Pet56', '母', '狗', '貴賓', '2018-12-25', 41.25, '3060941950', 0, 'This is the story of Pet56. It is a very lovely pet.', 7, '2025-01-14 19:39:05', 0, ''),
(57, 'Pet57', '公', '貓', '波斯貓', '2016-12-18', 47.72, '3471780086', 1, 'This is the story of Pet57. It is a very lovely pet.', 10, '2025-01-14 19:39:05', 0, ''),
(58, 'Pet58', '母', '其他', '未知', '2016-02-18', 27.20, '0443315403', 1, 'This is the story of Pet58. It is a very lovely pet.', 4, '2025-01-14 19:39:05', 1, ''),
(59, 'Pet59', '公', '貓', '米克斯', '2015-05-11', 27.41, '8336750024', 1, 'This is the story of Pet59. It is a very lovely pet.', 1, '2025-01-14 19:39:05', 0, ''),
(60, 'Pet60', '母', '貓', '波斯貓', '2023-02-08', 44.06, '8244980161', 0, 'This is the story of Pet60. It is a very lovely pet.', 2, '2025-01-14 19:39:05', 1, ''),
(61, 'Pet61', '公', '其他', '未知', '2022-08-06', 26.59, '9244748343', 0, 'This is the story of Pet61. It is a very lovely pet.', 8, '2025-01-14 19:39:05', 0, ''),
(62, 'Pet62', '母', '貓', '波斯貓', '2021-03-22', 12.34, '0871076957', 1, 'This is the story of Pet62. It is a very lovely pet.', 10, '2025-01-14 19:39:05', 0, ''),
(63, 'Pet63', '公', '貓', '暹羅貓', '2019-12-08', 37.92, '2591066362', 0, 'This is the story of Pet63. It is a very lovely pet.', 6, '2025-01-14 19:39:05', 0, ''),
(64, 'Pet64', '母', '貓', '米克斯', '2016-06-24', 36.31, '0609333003', 0, 'This is the story of Pet64. It is a very lovely pet.', 9, '2025-01-14 19:39:05', 0, ''),
(65, 'Pet65', '母', '狗', '柴犬', '2020-01-08', 25.29, '0210027424', 1, 'This is the story of Pet65. It is a very lovely pet.', 7, '2025-01-14 19:39:05', 1, ''),
(66, 'Pet66', '公', '貓', '米克斯', '2020-12-21', 41.93, '9711599153', 0, 'This is the story of Pet66. It is a very lovely pet.', 10, '2025-01-14 19:39:05', 1, ''),
(67, 'Pet67', '公', '狗', '貴賓', '2016-03-18', 10.29, '3783907912', 0, 'This is the story of Pet67. It is a very lovely pet.', 4, '2025-01-14 19:39:05', 0, ''),
(68, 'Pet68', '公', '貓', '暹羅貓', '2023-07-27', 22.30, '7871076378', 1, 'This is the story of Pet68. It is a very lovely pet.', 4, '2025-01-14 19:39:05', 1, ''),
(69, 'Pet69', '母', '狗', '米克斯', '2020-07-25', 21.47, '8020910850', 1, 'This is the story of Pet69. It is a very lovely pet.', 9, '2025-01-14 19:39:05', 0, ''),
(70, 'Pet70', '母', '其他', '未知', '2021-12-14', 45.68, '6402822663', 0, 'This is the story of Pet70. It is a very lovely pet.', 6, '2025-01-14 19:39:05', 0, ''),
(71, 'Pet71', '母', '其他', '未知', '2023-07-14', 47.80, '3264363774', 1, 'This is the story of Pet71. It is a very lovely pet.', 10, '2025-01-14 19:39:05', 1, ''),
(72, 'Pet72', '公', '貓', '米克斯', '2016-06-02', 7.11, '1217243439', 0, 'This is the story of Pet72. It is a very lovely pet.', 2, '2025-01-14 19:39:05', 1, ''),
(73, 'Pet73', '公', '其他', '未知', '2021-07-27', 11.52, '1098893146', 1, 'This is the story of Pet73. It is a very lovely pet.', 3, '2025-01-14 19:39:05', 1, ''),
(74, 'Pet74', '公', '貓', '暹羅貓', '2024-11-10', 46.79, '6245204494', 0, 'This is the story of Pet74. It is a very lovely pet.', 6, '2025-01-14 19:39:06', 1, ''),
(75, 'Pet75', '母', '其他', '未知', '2015-04-30', 20.96, '1797943442', 1, 'This is the story of Pet75. It is a very lovely pet.', 5, '2025-01-14 19:39:06', 1, ''),
(76, 'Pet76', '公', '狗', '米克斯', '2019-06-28', 1.14, '4466917108', 0, 'This is the story of Pet76. It is a very lovely pet.', 10, '2025-01-14 19:39:06', 0, ''),
(77, 'Pet77', '公', '狗', '柴犬', '2015-09-07', 25.26, '7165561352', 0, 'This is the story of Pet77. It is a very lovely pet.', 8, '2025-01-14 19:39:06', 0, ''),
(78, 'Pet78', '公', '狗', '米克斯', '2019-02-25', 20.08, '2395029079', 1, 'This is the story of Pet78. It is a very lovely pet.', 3, '2025-01-14 19:39:06', 0, ''),
(79, 'Pet79', '母', '其他', '未知', '2019-04-04', 20.99, '3619675257', 1, 'This is the story of Pet79. It is a very lovely pet.', 7, '2025-01-14 19:39:06', 1, ''),
(80, 'Pet80', '公', '狗', '米克斯', '2023-11-04', 5.18, '1573388233', 0, 'This is the story of Pet80. It is a very lovely pet.', 2, '2025-01-14 19:39:06', 1, ''),
(81, 'Pet81', '母', '其他', '未知', '2016-03-31', 37.57, '1168955705', 0, 'This is the story of Pet81. It is a very lovely pet.', 6, '2025-01-14 19:39:06', 0, ''),
(82, 'Pet82', '母', '其他', '未知', '2019-09-03', 30.25, '4132838997', 0, 'This is the story of Pet82. It is a very lovely pet.', 4, '2025-01-14 19:39:06', 0, ''),
(83, 'Pet83', '母', '其他', '未知', '2023-07-10', 39.93, '5371080287', 0, 'This is the story of Pet83. It is a very lovely pet.', 4, '2025-01-14 19:39:06', 1, ''),
(84, 'Pet84', '公', '狗', '拉布拉多', '2023-03-02', 32.94, '7301505353', 1, 'This is the story of Pet84. It is a very lovely pet.', 9, '2025-01-14 19:39:06', 0, ''),
(85, 'Pet85', '母', '其他', '未知', '2021-04-27', 21.38, '0197641998', 1, 'This is the story of Pet85. It is a very lovely pet.', 7, '2025-01-14 19:39:06', 0, ''),
(86, 'Pet86', '公', '狗', '拉布拉多', '2021-07-26', 26.11, '5683108116', 0, 'This is the story of Pet86. It is a very lovely pet.', 6, '2025-01-14 19:39:06', 1, ''),
(87, 'Pet87', '母', '貓', '波斯貓', '2021-06-19', 25.52, '4777229162', 1, 'This is the story of Pet87. It is a very lovely pet.', 7, '2025-01-14 19:39:06', 1, ''),
(88, 'Pet88', '母', '貓', '波斯貓', '2020-07-22', 7.89, '4418551841', 1, 'This is the story of Pet88. It is a very lovely pet.', 6, '2025-01-14 19:39:06', 0, ''),
(89, 'Pet89', '母', '狗', '拉布拉多', '2020-05-23', 10.23, '6274945424', 1, 'This is the story of Pet89. It is a very lovely pet.', 2, '2025-01-14 19:39:06', 1, ''),
(90, 'Pet90', '公', '狗', '柴犬', '2019-09-18', 46.20, '0204715812', 0, 'This is the story of Pet90. It is a very lovely pet.', 10, '2025-01-14 19:39:06', 1, ''),
(91, 'Pet91', '公', '狗', '拉布拉多', '2019-02-03', 6.20, '8336183575', 1, 'This is the story of Pet91. It is a very lovely pet.', 1, '2025-01-14 19:39:06', 0, ''),
(92, 'Pet92', '母', '其他', '未知', '2015-06-05', 48.32, '9447892576', 1, 'This is the story of Pet92. It is a very lovely pet.', 10, '2025-01-14 19:39:06', 0, ''),
(93, 'Pet93', '公', '狗', '貴賓', '2017-01-05', 4.44, '0343918856', 1, 'This is the story of Pet93. It is a very lovely pet.', 5, '2025-01-14 19:39:06', 0, ''),
(94, 'Pet94', '母', '貓', '波斯貓', '2024-03-08', 7.71, '5140071189', 0, 'This is the story of Pet94. It is a very lovely pet.', 7, '2025-01-14 19:39:06', 1, ''),
(95, 'Pet95', '公', '貓', '波斯貓', '2021-02-27', 31.25, '9582477266', 1, 'This is the story of Pet95. It is a very lovely pet.', 8, '2025-01-14 19:39:06', 1, ''),
(96, 'Pet96', '母', '其他', '未知', '2021-09-23', 18.59, '8637890170', 0, 'This is the story of Pet96. It is a very lovely pet.', 6, '2025-01-14 19:39:06', 0, ''),
(97, 'Pet97', '公', '狗', '貴賓', '2022-01-25', 46.02, '7082803478', 1, 'This is the story of Pet97. It is a very lovely pet.', 6, '2025-01-14 19:39:06', 1, ''),
(98, 'Pet98', '公', '狗', '拉布拉多', '2023-01-11', 35.42, '9372005666', 1, 'This is the story of Pet98. It is a very lovely pet.', 3, '2025-01-14 19:39:06', 1, ''),
(99, 'Pet99', '公', '貓', '暹羅貓', '2018-03-16', 36.16, '5633186516', 1, 'This is the story of Pet99. It is a very lovely pet.', 8, '2025-01-14 19:39:06', 1, ''),
(100, 'Pet100', '公', '狗', '拉布拉多', '2015-11-23', 16.88, '9409816850', 1, 'This is the story of Pet100. It is a very lovely pet.', 2, '2025-01-14 19:39:06', 1, ''),
(101, 'aaaa', '公', '狗', '黃金獵犬', '2025-01-14', 22.33, '8958766701', NULL, NULL, NULL, '2025-01-14 19:40:25', 0, '');

-- --------------------------------------------------------

--
-- 資料表結構 `pets_like`
--

CREATE TABLE `pets_like` (
  `user_id` int NOT NULL,
  `pet_id` int NOT NULL
) ENGINE=InnoDB DEFAULT CHARSET=utf8mb4 COLLATE=utf8mb4_0900_ai_ci;

-- --------------------------------------------------------

--
-- 資料表結構 `pets_recent_activities`
--

CREATE TABLE `pets_recent_activities` (
  `id` int NOT NULL,
  `pet_id` int NOT NULL,
  `date` date NOT NULL,
  `content` text
) ENGINE=InnoDB DEFAULT CHARSET=utf8mb4 COLLATE=utf8mb4_0900_ai_ci;

-- --------------------------------------------------------

--
-- 資料表結構 `pet_appointment`
--

CREATE TABLE `pet_appointment` (
  `id` int NOT NULL,
  `user_id` int NOT NULL,
  `pet_id` int NOT NULL,
  `appointment_date` time DEFAULT NULL,
  `appointment_time` time DEFAULT NULL,
  `status` varchar(50) DEFAULT NULL,
  `created_at` timestamp NULL DEFAULT NULL,
  `updated_at` timestamp NULL DEFAULT NULL,
  `house_type` varchar(50) DEFAULT NULL,
  `adult_number` int DEFAULT NULL,
  `child_number` int DEFAULT NULL,
  `adopted_experience` tinyint(1) DEFAULT NULL,
  `other_pets` text,
  `note` text
) ENGINE=InnoDB DEFAULT CHARSET=utf8mb4 COLLATE=utf8mb4_0900_ai_ci;

-- --------------------------------------------------------

--
-- 資料表結構 `pet_store`
--

CREATE TABLE `pet_store` (
  `id` int NOT NULL,
  `name` varchar(255) NOT NULL,
  `address` text,
  `phone` varchar(50) DEFAULT NULL,
  `mail` text,
  `open_hours` text,
  `created_at` timestamp NULL DEFAULT NULL
) ENGINE=InnoDB DEFAULT CHARSET=utf8mb4 COLLATE=utf8mb4_0900_ai_ci;

--
-- 傾印資料表的資料 `pet_store`
--

INSERT INTO `pet_store` (`id`, `name`, `address`, `phone`, `mail`, `open_hours`, `created_at`) VALUES
(1, 'Pet Store 1', NULL, NULL, NULL, NULL, NULL),
(2, 'Pet Store 2', NULL, NULL, NULL, NULL, NULL),
(3, 'Pet Store 3', NULL, NULL, NULL, NULL, NULL),
(4, 'Pet Store 4', NULL, NULL, NULL, NULL, NULL),
(5, 'Pet Store 5', NULL, NULL, NULL, NULL, NULL),
(6, 'Pet Store 6', NULL, NULL, NULL, NULL, NULL),
(7, 'Pet Store 7', NULL, NULL, NULL, NULL, NULL),
(8, 'Pet Store 8', NULL, NULL, NULL, NULL, NULL),
(9, 'Pet Store 9', NULL, NULL, NULL, NULL, NULL),
(10, 'Pet Store 10', NULL, NULL, NULL, NULL, NULL),
(11, 'Pet Store 1', NULL, NULL, NULL, NULL, NULL),
(12, 'Pet Store 2', NULL, NULL, NULL, NULL, NULL),
(13, 'Pet Store 3', NULL, NULL, NULL, NULL, NULL),
(14, 'Pet Store 4', NULL, NULL, NULL, NULL, NULL),
(15, 'Pet Store 5', NULL, NULL, NULL, NULL, NULL),
(16, 'Pet Store 6', NULL, NULL, NULL, NULL, NULL),
(17, 'Pet Store 7', NULL, NULL, NULL, NULL, NULL),
(18, 'Pet Store 8', NULL, NULL, NULL, NULL, NULL),
(19, 'Pet Store 9', NULL, NULL, NULL, NULL, NULL),
(20, 'Pet Store 10', NULL, NULL, NULL, NULL, NULL);

-- --------------------------------------------------------

--
-- 資料表結構 `pet_trait`
--

CREATE TABLE `pet_trait` (
  `pet_id` int NOT NULL,
  `trait_id` int NOT NULL
) ENGINE=InnoDB DEFAULT CHARSET=utf8mb4 COLLATE=utf8mb4_0900_ai_ci;

-- --------------------------------------------------------

--
-- 資料表結構 `pet_trait_list`
--

CREATE TABLE `pet_trait_list` (
  `id` int NOT NULL,
  `trait_tag` varchar(50) NOT NULL,
  `description` text
) ENGINE=InnoDB DEFAULT CHARSET=utf8mb4 COLLATE=utf8mb4_0900_ai_ci;

-- --------------------------------------------------------

--
-- 資料表結構 `posts`
--

CREATE TABLE `posts` (
  `id` int NOT NULL,
  `title` varchar(255) CHARACTER SET utf8mb4 COLLATE utf8mb4_general_ci NOT NULL,
  `body` text CHARACTER SET utf8mb4 COLLATE utf8mb4_general_ci NOT NULL,
  `user_id` int NOT NULL,
  `status` enum('已發佈','被檢舉','已刪除') CHARACTER SET utf8mb4 COLLATE utf8mb4_general_ci NOT NULL DEFAULT '已發佈',
  `likes_count` int DEFAULT '0',
  `bookmark_count` int DEFAULT '0',
  `is_pinned` tinyint(1) DEFAULT '0',
  `created_at` timestamp NULL DEFAULT CURRENT_TIMESTAMP,
  `updated_at` timestamp NULL DEFAULT CURRENT_TIMESTAMP ON UPDATE CURRENT_TIMESTAMP
) ENGINE=InnoDB DEFAULT CHARSET=utf8mb4 COLLATE=utf8mb4_general_ci;

--
-- 傾印資料表的資料 `posts`
--

INSERT INTO `posts` (`id`, `title`, `body`, `user_id`, `status`, `likes_count`, `bookmark_count`, `is_pinned`, `created_at`, `updated_at`) VALUES
(1, '我的寵物日記 1', '今天和我的寵物一起出去玩，牠真的很可愛！', 3, '已發佈', 47, 7, 0, '2025-01-15 03:46:30', '2025-01-15 03:46:30'),
(2, '我的寵物日記 2', '今天和我的寵物一起出去玩，牠真的很可愛！', 15, '已發佈', 29, 15, 0, '2025-01-15 03:46:30', '2025-01-15 03:46:30'),
(3, '我的寵物日記 3', '今天和我的寵物一起出去玩，牠真的很可愛！', 5, '已發佈', 42, 18, 0, '2025-01-15 03:46:30', '2025-01-15 03:46:30'),
(4, '我的寵物日記 4', '今天和我的寵物一起出去玩，牠真的很可愛！', 15, '已發佈', 11, 4, 0, '2025-01-15 03:46:30', '2025-01-15 03:46:30'),
(5, '我的寵物日記 5', '今天和我的寵物一起出去玩，牠真的很可愛！', 11, '已發佈', 32, 19, 0, '2025-01-15 03:46:30', '2025-01-15 03:46:30'),
(6, '我的寵物日記 6', '今天和我的寵物一起出去玩，牠真的很可愛！', 18, '已發佈', 43, 9, 0, '2025-01-15 03:46:30', '2025-01-15 03:46:30'),
(7, '我的寵物日記 7', '今天和我的寵物一起出去玩，牠真的很可愛！', 5, '已發佈', 35, 12, 0, '2025-01-15 03:46:30', '2025-01-15 03:46:30'),
(8, '我的寵物日記 8', '今天和我的寵物一起出去玩，牠真的很可愛！', 16, '已發佈', 2, 17, 0, '2025-01-15 03:46:30', '2025-01-15 03:46:30'),
(9, '我的寵物日記 9', '今天和我的寵物一起出去玩，牠真的很可愛！', 20, '已發佈', 0, 16, 0, '2025-01-15 03:46:30', '2025-01-15 03:46:30'),
(10, '我的寵物日記 10', '今天和我的寵物一起出去玩，牠真的很可愛！', 18, '已發佈', 49, 8, 0, '2025-01-15 03:46:30', '2025-01-15 03:46:30'),
(11, '我的寵物日記 11', '今天和我的寵物一起出去玩，牠真的很可愛！', 16, '已發佈', 23, 12, 0, '2025-01-15 03:46:30', '2025-01-15 03:46:30'),
(12, '我的寵物日記 12', '今天和我的寵物一起出去玩，牠真的很可愛！', 10, '已發佈', 10, 4, 0, '2025-01-15 03:46:30', '2025-01-15 03:46:30'),
(13, '我的寵物日記 13', '今天和我的寵物一起出去玩，牠真的很可愛！', 13, '已發佈', 50, 9, 0, '2025-01-15 03:46:30', '2025-01-15 03:46:30'),
(14, '我的寵物日記 14', '今天和我的寵物一起出去玩，牠真的很可愛！', 14, '已發佈', 44, 11, 0, '2025-01-15 03:46:30', '2025-01-15 03:46:30'),
(15, '我的寵物日記 15', '今天和我的寵物一起出去玩，牠真的很可愛！', 2, '已發佈', 15, 9, 0, '2025-01-15 03:46:30', '2025-01-15 03:46:30'),
(16, '我的寵物日記 16', '今天和我的寵物一起出去玩，牠真的很可愛！', 13, '已發佈', 24, 19, 0, '2025-01-15 03:46:30', '2025-01-15 03:46:30'),
(17, '我的寵物日記 17', '今天和我的寵物一起出去玩，牠真的很可愛！', 2, '已發佈', 30, 18, 0, '2025-01-15 03:46:30', '2025-01-15 03:46:30'),
(18, '我的寵物日記 18', '今天和我的寵物一起出去玩，牠真的很可愛！', 8, '已發佈', 21, 1, 0, '2025-01-15 03:46:30', '2025-01-15 03:46:30'),
(19, '我的寵物日記 19', '今天和我的寵物一起出去玩，牠真的很可愛！', 18, '已發佈', 21, 15, 0, '2025-01-15 03:46:30', '2025-01-15 03:46:30'),
(20, '我的寵物日記 20', '今天和我的寵物一起出去玩，牠真的很可愛！', 19, '已發佈', 20, 6, 0, '2025-01-15 03:46:30', '2025-01-15 03:46:30'),
(21, '我的寵物日記 21', '今天和我的寵物一起出去玩，牠真的很可愛！', 2, '已發佈', 24, 17, 0, '2025-01-15 03:46:30', '2025-01-15 03:46:30'),
(22, '我的寵物日記 22', '今天和我的寵物一起出去玩，牠真的很可愛！', 10, '已發佈', 0, 11, 0, '2025-01-15 03:46:30', '2025-01-15 03:46:30'),
(23, '我的寵物日記 23', '今天和我的寵物一起出去玩，牠真的很可愛！', 18, '已發佈', 43, 15, 0, '2025-01-15 03:46:30', '2025-01-15 03:46:30'),
(24, '我的寵物日記 24', '今天和我的寵物一起出去玩，牠真的很可愛！', 13, '已發佈', 33, 10, 0, '2025-01-15 03:46:30', '2025-01-15 03:46:30'),
(25, '我的寵物日記 25', '今天和我的寵物一起出去玩，牠真的很可愛！', 17, '已發佈', 32, 0, 0, '2025-01-15 03:46:30', '2025-01-15 03:46:30'),
(26, '我的寵物日記 26', '今天和我的寵物一起出去玩，牠真的很可愛！', 11, '已發佈', 22, 0, 0, '2025-01-15 03:46:30', '2025-01-15 03:46:30'),
(27, '我的寵物日記 27', '今天和我的寵物一起出去玩，牠真的很可愛！', 5, '已發佈', 26, 16, 0, '2025-01-15 03:46:30', '2025-01-15 03:46:30'),
(28, '我的寵物日記 28', '今天和我的寵物一起出去玩，牠真的很可愛！', 6, '已發佈', 17, 8, 0, '2025-01-15 03:46:30', '2025-01-15 03:46:30'),
(29, '我的寵物日記 29', '今天和我的寵物一起出去玩，牠真的很可愛！', 11, '已發佈', 8, 13, 0, '2025-01-15 03:46:30', '2025-01-15 03:46:30'),
(30, '我的寵物日記 30', '今天和我的寵物一起出去玩，牠真的很可愛！', 9, '已發佈', 32, 16, 0, '2025-01-15 03:46:30', '2025-01-15 03:46:30'),
(31, '我的寵物日記 31', '今天和我的寵物一起出去玩，牠真的很可愛！', 3, '已發佈', 23, 3, 0, '2025-01-15 03:46:30', '2025-01-15 03:46:30'),
(32, '我的寵物日記 32', '今天和我的寵物一起出去玩，牠真的很可愛！', 6, '已發佈', 22, 11, 0, '2025-01-15 03:46:30', '2025-01-15 03:46:30'),
(33, '我的寵物日記 33', '今天和我的寵物一起出去玩，牠真的很可愛！', 2, '已發佈', 0, 8, 0, '2025-01-15 03:46:30', '2025-01-15 03:46:30'),
(34, '我的寵物日記 34', '今天和我的寵物一起出去玩，牠真的很可愛！', 8, '已發佈', 39, 18, 0, '2025-01-15 03:46:30', '2025-01-15 03:46:30'),
(35, '我的寵物日記 35', '今天和我的寵物一起出去玩，牠真的很可愛！', 14, '已發佈', 4, 20, 0, '2025-01-15 03:46:30', '2025-01-15 03:46:30'),
(36, '我的寵物日記 36', '今天和我的寵物一起出去玩，牠真的很可愛！', 18, '已發佈', 47, 0, 0, '2025-01-15 03:46:30', '2025-01-15 03:46:30'),
(37, '我的寵物日記 37', '今天和我的寵物一起出去玩，牠真的很可愛！', 4, '已發佈', 43, 14, 0, '2025-01-15 03:46:30', '2025-01-15 03:46:30'),
(38, '我的寵物日記 38', '今天和我的寵物一起出去玩，牠真的很可愛！', 3, '已發佈', 0, 13, 0, '2025-01-15 03:46:30', '2025-01-15 03:46:30'),
(39, '我的寵物日記 39', '今天和我的寵物一起出去玩，牠真的很可愛！', 5, '已發佈', 13, 0, 0, '2025-01-15 03:46:30', '2025-01-15 03:46:30'),
(40, '我的寵物日記 40', '今天和我的寵物一起出去玩，牠真的很可愛！', 13, '已發佈', 1, 0, 0, '2025-01-15 03:46:30', '2025-01-15 03:46:30'),
(41, '我的寵物日記 41', '今天和我的寵物一起出去玩，牠真的很可愛！', 4, '已發佈', 5, 19, 0, '2025-01-15 03:46:30', '2025-01-15 03:46:30'),
(42, '我的寵物日記 42', '今天和我的寵物一起出去玩，牠真的很可愛！', 10, '已發佈', 27, 14, 0, '2025-01-15 03:46:30', '2025-01-15 03:46:30'),
(43, '我的寵物日記 43', '今天和我的寵物一起出去玩，牠真的很可愛！', 18, '已發佈', 35, 8, 0, '2025-01-15 03:46:30', '2025-01-15 03:46:30'),
(44, '我的寵物日記 44', '今天和我的寵物一起出去玩，牠真的很可愛！', 14, '已發佈', 42, 15, 0, '2025-01-15 03:46:30', '2025-01-15 03:46:30'),
(45, '我的寵物日記 45', '今天和我的寵物一起出去玩，牠真的很可愛！', 10, '已發佈', 38, 20, 0, '2025-01-15 03:46:30', '2025-01-15 03:46:30'),
(46, '我的寵物日記 46', '今天和我的寵物一起出去玩，牠真的很可愛！', 12, '已發佈', 48, 13, 0, '2025-01-15 03:46:30', '2025-01-15 03:46:30'),
(47, '我的寵物日記 47', '今天和我的寵物一起出去玩，牠真的很可愛！', 3, '已發佈', 1, 14, 0, '2025-01-15 03:46:30', '2025-01-15 03:46:30'),
(48, '我的寵物日記 48', '今天和我的寵物一起出去玩，牠真的很可愛！', 20, '已發佈', 18, 1, 0, '2025-01-15 03:46:30', '2025-01-15 03:46:30'),
(49, '我的寵物日記 49', '今天和我的寵物一起出去玩，牠真的很可愛！', 18, '已發佈', 20, 13, 0, '2025-01-15 03:46:30', '2025-01-15 03:46:30'),
(50, '我的寵物日記 50', '今天和我的寵物一起出去玩，牠真的很可愛！', 15, '已發佈', 14, 4, 0, '2025-01-15 03:46:30', '2025-01-15 03:46:30'),
(51, '我的寵物日記 51', '今天和我的寵物一起出去玩，牠真的很可愛！', 20, '已發佈', 1, 15, 0, '2025-01-15 03:46:30', '2025-01-15 03:46:30'),
(52, '我的寵物日記 52', '今天和我的寵物一起出去玩，牠真的很可愛！', 20, '已發佈', 43, 5, 0, '2025-01-15 03:46:30', '2025-01-15 03:46:30'),
(53, '我的寵物日記 53', '今天和我的寵物一起出去玩，牠真的很可愛！', 5, '已發佈', 6, 1, 0, '2025-01-15 03:46:30', '2025-01-15 03:46:30'),
(54, '我的寵物日記 54', '今天和我的寵物一起出去玩，牠真的很可愛！', 2, '已發佈', 43, 14, 0, '2025-01-15 03:46:30', '2025-01-15 03:46:30'),
(55, '我的寵物日記 55', '今天和我的寵物一起出去玩，牠真的很可愛！', 19, '已發佈', 18, 20, 0, '2025-01-15 03:46:30', '2025-01-15 03:46:30'),
(56, '我的寵物日記 56', '今天和我的寵物一起出去玩，牠真的很可愛！', 10, '已發佈', 22, 16, 0, '2025-01-15 03:46:30', '2025-01-15 03:46:30'),
(57, '我的寵物日記 57', '今天和我的寵物一起出去玩，牠真的很可愛！', 14, '已發佈', 9, 18, 0, '2025-01-15 03:46:30', '2025-01-15 03:46:30'),
(58, '我的寵物日記 58', '今天和我的寵物一起出去玩，牠真的很可愛！', 2, '已發佈', 3, 17, 0, '2025-01-15 03:46:30', '2025-01-15 03:46:30'),
(59, '我的寵物日記 59', '今天和我的寵物一起出去玩，牠真的很可愛！', 13, '已發佈', 23, 9, 0, '2025-01-15 03:46:30', '2025-01-15 03:46:30'),
(60, '我的寵物日記 60', '今天和我的寵物一起出去玩，牠真的很可愛！', 11, '已發佈', 26, 10, 0, '2025-01-15 03:46:30', '2025-01-15 03:46:30'),
(61, '我的寵物日記 61', '今天和我的寵物一起出去玩，牠真的很可愛！', 17, '已發佈', 34, 10, 0, '2025-01-15 03:46:30', '2025-01-15 03:46:30'),
(62, '我的寵物日記 62', '今天和我的寵物一起出去玩，牠真的很可愛！', 1, '已發佈', 17, 20, 0, '2025-01-15 03:46:30', '2025-01-15 03:46:30'),
(63, '我的寵物日記 63', '今天和我的寵物一起出去玩，牠真的很可愛！', 10, '已發佈', 8, 10, 0, '2025-01-15 03:46:30', '2025-01-15 03:46:30'),
(64, '我的寵物日記 64', '今天和我的寵物一起出去玩，牠真的很可愛！', 20, '已發佈', 15, 5, 0, '2025-01-15 03:46:30', '2025-01-15 03:46:30'),
(65, '我的寵物日記 65', '今天和我的寵物一起出去玩，牠真的很可愛！', 1, '已發佈', 3, 16, 0, '2025-01-15 03:46:30', '2025-01-15 03:46:30'),
(66, '我的寵物日記 66', '今天和我的寵物一起出去玩，牠真的很可愛！', 9, '已發佈', 33, 0, 0, '2025-01-15 03:46:30', '2025-01-15 03:46:30'),
(67, '我的寵物日記 67', '今天和我的寵物一起出去玩，牠真的很可愛！', 7, '已發佈', 11, 5, 0, '2025-01-15 03:46:30', '2025-01-15 03:46:30'),
(68, '我的寵物日記 68', '今天和我的寵物一起出去玩，牠真的很可愛！', 20, '已發佈', 13, 13, 0, '2025-01-15 03:46:30', '2025-01-15 03:46:30'),
(69, '我的寵物日記 69', '今天和我的寵物一起出去玩，牠真的很可愛！', 20, '已發佈', 30, 5, 0, '2025-01-15 03:46:30', '2025-01-15 03:46:30'),
(70, '我的寵物日記 70', '今天和我的寵物一起出去玩，牠真的很可愛！', 1, '已發佈', 48, 8, 0, '2025-01-15 03:46:30', '2025-01-15 03:46:30'),
(71, '我的寵物日記 71', '今天和我的寵物一起出去玩，牠真的很可愛！', 1, '已發佈', 9, 3, 0, '2025-01-15 03:46:30', '2025-01-15 03:46:30'),
(72, '我的寵物日記 72', '今天和我的寵物一起出去玩，牠真的很可愛！', 7, '已發佈', 42, 7, 0, '2025-01-15 03:46:30', '2025-01-15 03:46:30'),
(73, '我的寵物日記 73', '今天和我的寵物一起出去玩，牠真的很可愛！', 20, '已發佈', 38, 12, 0, '2025-01-15 03:46:30', '2025-01-15 03:46:30'),
(74, '我的寵物日記 74', '今天和我的寵物一起出去玩，牠真的很可愛！', 14, '已發佈', 49, 3, 0, '2025-01-15 03:46:30', '2025-01-15 03:46:30'),
(75, '我的寵物日記 75', '今天和我的寵物一起出去玩，牠真的很可愛！', 6, '已發佈', 24, 1, 0, '2025-01-15 03:46:30', '2025-01-15 03:46:30'),
(76, '我的寵物日記 76', '今天和我的寵物一起出去玩，牠真的很可愛！', 16, '已發佈', 48, 17, 0, '2025-01-15 03:46:30', '2025-01-15 03:46:30'),
(77, '我的寵物日記 77', '今天和我的寵物一起出去玩，牠真的很可愛！', 7, '已發佈', 37, 15, 0, '2025-01-15 03:46:30', '2025-01-15 03:46:30'),
(78, '我的寵物日記 78', '今天和我的寵物一起出去玩，牠真的很可愛！', 10, '已發佈', 27, 20, 0, '2025-01-15 03:46:30', '2025-01-15 03:46:30'),
(79, '我的寵物日記 79', '今天和我的寵物一起出去玩，牠真的很可愛！', 14, '已發佈', 17, 5, 0, '2025-01-15 03:46:30', '2025-01-15 03:46:30'),
(80, '我的寵物日記 80', '今天和我的寵物一起出去玩，牠真的很可愛！', 14, '已發佈', 13, 14, 0, '2025-01-15 03:46:30', '2025-01-15 03:46:30'),
(81, '我的寵物日記 81', '今天和我的寵物一起出去玩，牠真的很可愛！', 7, '已發佈', 8, 15, 0, '2025-01-15 03:46:30', '2025-01-15 03:46:30'),
(82, '我的寵物日記 82', '今天和我的寵物一起出去玩，牠真的很可愛！', 6, '已發佈', 12, 9, 0, '2025-01-15 03:46:30', '2025-01-15 03:46:30'),
(83, '我的寵物日記 83', '今天和我的寵物一起出去玩，牠真的很可愛！', 19, '已發佈', 25, 0, 0, '2025-01-15 03:46:30', '2025-01-15 03:46:30'),
(84, '我的寵物日記 84', '今天和我的寵物一起出去玩，牠真的很可愛！', 8, '已發佈', 25, 14, 0, '2025-01-15 03:46:30', '2025-01-15 03:46:30'),
(85, '我的寵物日記 85', '今天和我的寵物一起出去玩，牠真的很可愛！', 16, '已發佈', 32, 3, 0, '2025-01-15 03:46:30', '2025-01-15 03:46:30'),
(86, '我的寵物日記 86', '今天和我的寵物一起出去玩，牠真的很可愛！', 1, '已發佈', 29, 12, 0, '2025-01-15 03:46:30', '2025-01-15 03:46:30'),
(87, '我的寵物日記 87', '今天和我的寵物一起出去玩，牠真的很可愛！', 10, '已發佈', 2, 15, 0, '2025-01-15 03:46:30', '2025-01-15 03:46:30'),
(88, '我的寵物日記 88', '今天和我的寵物一起出去玩，牠真的很可愛！', 3, '已發佈', 47, 9, 0, '2025-01-15 03:46:30', '2025-01-15 03:46:30'),
(89, '我的寵物日記 89', '今天和我的寵物一起出去玩，牠真的很可愛！', 13, '已發佈', 36, 4, 0, '2025-01-15 03:46:30', '2025-01-15 03:46:30'),
(90, '我的寵物日記 90', '今天和我的寵物一起出去玩，牠真的很可愛！', 1, '已發佈', 40, 0, 0, '2025-01-15 03:46:30', '2025-01-15 03:46:30'),
(91, '我的寵物日記 91', '今天和我的寵物一起出去玩，牠真的很可愛！', 16, '已發佈', 13, 7, 0, '2025-01-15 03:46:30', '2025-01-15 03:46:30'),
(92, '我的寵物日記 92', '今天和我的寵物一起出去玩，牠真的很可愛！', 13, '已發佈', 6, 18, 0, '2025-01-15 03:46:30', '2025-01-15 03:46:30'),
(93, '我的寵物日記 93', '今天和我的寵物一起出去玩，牠真的很可愛！', 16, '已發佈', 31, 19, 0, '2025-01-15 03:46:30', '2025-01-15 03:46:30'),
(94, '我的寵物日記 94', '今天和我的寵物一起出去玩，牠真的很可愛！', 12, '已發佈', 30, 19, 0, '2025-01-15 03:46:30', '2025-01-15 03:46:30'),
(95, '我的寵物日記 95', '今天和我的寵物一起出去玩，牠真的很可愛！', 20, '已發佈', 36, 20, 0, '2025-01-15 03:46:30', '2025-01-15 03:46:30'),
(96, '我的寵物日記 96', '今天和我的寵物一起出去玩，牠真的很可愛！', 2, '已發佈', 27, 7, 0, '2025-01-15 03:46:30', '2025-01-15 03:46:30'),
(97, '我的寵物日記 97', '今天和我的寵物一起出去玩，牠真的很可愛！', 3, '已發佈', 42, 6, 0, '2025-01-15 03:46:30', '2025-01-15 03:46:30'),
(98, '我的寵物日記 98', '今天和我的寵物一起出去玩，牠真的很可愛！', 18, '已發佈', 9, 10, 0, '2025-01-15 03:46:30', '2025-01-15 03:46:30'),
(99, '我的寵物日記 99', '今天和我的寵物一起出去玩，牠真的很可愛！', 14, '已發佈', 12, 16, 0, '2025-01-15 03:46:30', '2025-01-15 03:46:30'),
(100, '我的寵物日記 100', '今天和我的寵物一起出去玩，牠真的很可愛！', 12, '已發佈', 42, 19, 0, '2025-01-15 03:46:30', '2025-01-15 03:46:30'),
(101, '我的寵物日記 101', '今天和我的寵物一起出去玩，牠真的很可愛！', 19, '已發佈', 39, 13, 0, '2025-01-15 03:46:30', '2025-01-15 03:46:30'),
(102, '我的寵物日記 102', '今天和我的寵物一起出去玩，牠真的很可愛！', 14, '已發佈', 36, 4, 0, '2025-01-15 03:46:30', '2025-01-15 03:46:30'),
(103, '我的寵物日記 103', '今天和我的寵物一起出去玩，牠真的很可愛！', 13, '已發佈', 8, 6, 0, '2025-01-15 03:46:30', '2025-01-15 03:46:30'),
(104, '我的寵物日記 104', '今天和我的寵物一起出去玩，牠真的很可愛！', 7, '已發佈', 2, 4, 0, '2025-01-15 03:46:30', '2025-01-15 03:46:30'),
(105, '我的寵物日記 105', '今天和我的寵物一起出去玩，牠真的很可愛！', 19, '已發佈', 33, 7, 0, '2025-01-15 03:46:30', '2025-01-15 03:46:30'),
(106, '我的寵物日記 106', '今天和我的寵物一起出去玩，牠真的很可愛！', 20, '已發佈', 17, 11, 0, '2025-01-15 03:46:30', '2025-01-15 03:46:30'),
(107, '我的寵物日記 107', '今天和我的寵物一起出去玩，牠真的很可愛！', 14, '已發佈', 42, 11, 0, '2025-01-15 03:46:30', '2025-01-15 03:46:30'),
(108, '我的寵物日記 108', '今天和我的寵物一起出去玩，牠真的很可愛！', 5, '已發佈', 27, 9, 0, '2025-01-15 03:46:30', '2025-01-15 03:46:30'),
(109, '我的寵物日記 109', '今天和我的寵物一起出去玩，牠真的很可愛！', 16, '已發佈', 2, 3, 0, '2025-01-15 03:46:30', '2025-01-15 03:46:30'),
(110, '我的寵物日記 110', '今天和我的寵物一起出去玩，牠真的很可愛！', 11, '已發佈', 4, 16, 0, '2025-01-15 03:46:30', '2025-01-15 03:46:30'),
(111, '我的寵物日記 111', '今天和我的寵物一起出去玩，牠真的很可愛！', 12, '已發佈', 7, 5, 0, '2025-01-15 03:46:30', '2025-01-15 03:46:30'),
(112, '我的寵物日記 112', '今天和我的寵物一起出去玩，牠真的很可愛！', 15, '已發佈', 38, 1, 0, '2025-01-15 03:46:30', '2025-01-15 03:46:30'),
(113, '我的寵物日記 113', '今天和我的寵物一起出去玩，牠真的很可愛！', 15, '已發佈', 42, 4, 0, '2025-01-15 03:46:30', '2025-01-15 03:46:30'),
(114, '我的寵物日記 114', '今天和我的寵物一起出去玩，牠真的很可愛！', 17, '已發佈', 44, 13, 0, '2025-01-15 03:46:30', '2025-01-15 03:46:30'),
(115, '我的寵物日記 115', '今天和我的寵物一起出去玩，牠真的很可愛！', 9, '已發佈', 44, 0, 0, '2025-01-15 03:46:30', '2025-01-15 03:46:30'),
(116, '我的寵物日記 116', '今天和我的寵物一起出去玩，牠真的很可愛！', 17, '已發佈', 42, 1, 0, '2025-01-15 03:46:30', '2025-01-15 03:46:30'),
(117, '我的寵物日記 117', '今天和我的寵物一起出去玩，牠真的很可愛！', 19, '已發佈', 11, 5, 0, '2025-01-15 03:46:30', '2025-01-15 03:46:30'),
(118, '我的寵物日記 118', '今天和我的寵物一起出去玩，牠真的很可愛！', 11, '已發佈', 12, 9, 0, '2025-01-15 03:46:30', '2025-01-15 03:46:30'),
(119, '我的寵物日記 119', '今天和我的寵物一起出去玩，牠真的很可愛！', 12, '已發佈', 1, 4, 0, '2025-01-15 03:46:30', '2025-01-15 03:46:30'),
(120, '我的寵物日記 120', '今天和我的寵物一起出去玩，牠真的很可愛！', 14, '已發佈', 35, 16, 0, '2025-01-15 03:46:30', '2025-01-15 03:46:30'),
(121, '我的寵物日記 121', '今天和我的寵物一起出去玩，牠真的很可愛！', 13, '已發佈', 2, 9, 0, '2025-01-15 03:46:30', '2025-01-15 03:46:30'),
(122, '我的寵物日記 122', '今天和我的寵物一起出去玩，牠真的很可愛！', 3, '已發佈', 43, 19, 0, '2025-01-15 03:46:30', '2025-01-15 03:46:30'),
(123, '我的寵物日記 123', '今天和我的寵物一起出去玩，牠真的很可愛！', 4, '已發佈', 3, 3, 0, '2025-01-15 03:46:30', '2025-01-15 03:46:30'),
(124, '我的寵物日記 124', '今天和我的寵物一起出去玩，牠真的很可愛！', 12, '已發佈', 11, 13, 0, '2025-01-15 03:46:30', '2025-01-15 03:46:30'),
(125, '我的寵物日記 125', '今天和我的寵物一起出去玩，牠真的很可愛！', 8, '已發佈', 14, 10, 0, '2025-01-15 03:46:30', '2025-01-15 03:46:30'),
(126, '我的寵物日記 126', '今天和我的寵物一起出去玩，牠真的很可愛！', 6, '已發佈', 32, 7, 0, '2025-01-15 03:46:30', '2025-01-15 03:46:30'),
(127, '我的寵物日記 127', '今天和我的寵物一起出去玩，牠真的很可愛！', 13, '已發佈', 34, 3, 0, '2025-01-15 03:46:30', '2025-01-15 03:46:30'),
(128, '我的寵物日記 128', '今天和我的寵物一起出去玩，牠真的很可愛！', 9, '已發佈', 24, 10, 0, '2025-01-15 03:46:30', '2025-01-15 03:46:30'),
(129, '我的寵物日記 129', '今天和我的寵物一起出去玩，牠真的很可愛！', 12, '已發佈', 42, 9, 0, '2025-01-15 03:46:30', '2025-01-15 03:46:30'),
(130, '我的寵物日記 130', '今天和我的寵物一起出去玩，牠真的很可愛！', 9, '已發佈', 38, 17, 0, '2025-01-15 03:46:30', '2025-01-15 03:46:30'),
(131, '我的寵物日記 131', '今天和我的寵物一起出去玩，牠真的很可愛！', 1, '已發佈', 9, 8, 0, '2025-01-15 03:46:30', '2025-01-15 03:46:30'),
(132, '我的寵物日記 132', '今天和我的寵物一起出去玩，牠真的很可愛！', 20, '已發佈', 23, 0, 0, '2025-01-15 03:46:30', '2025-01-15 03:46:30'),
(133, '我的寵物日記 133', '今天和我的寵物一起出去玩，牠真的很可愛！', 3, '已發佈', 16, 14, 0, '2025-01-15 03:46:30', '2025-01-15 03:46:30'),
(134, '我的寵物日記 134', '今天和我的寵物一起出去玩，牠真的很可愛！', 6, '已發佈', 31, 19, 0, '2025-01-15 03:46:30', '2025-01-15 03:46:30'),
(135, '我的寵物日記 135', '今天和我的寵物一起出去玩，牠真的很可愛！', 9, '已發佈', 8, 8, 0, '2025-01-15 03:46:30', '2025-01-15 03:46:30'),
(136, '我的寵物日記 136', '今天和我的寵物一起出去玩，牠真的很可愛！', 1, '已發佈', 44, 19, 0, '2025-01-15 03:46:30', '2025-01-15 03:46:30'),
(137, '我的寵物日記 137', '今天和我的寵物一起出去玩，牠真的很可愛！', 15, '已發佈', 37, 0, 0, '2025-01-15 03:46:30', '2025-01-15 03:46:30'),
(138, '我的寵物日記 138', '今天和我的寵物一起出去玩，牠真的很可愛！', 6, '已發佈', 2, 12, 0, '2025-01-15 03:46:30', '2025-01-15 03:46:30'),
(139, '我的寵物日記 139', '今天和我的寵物一起出去玩，牠真的很可愛！', 5, '已發佈', 0, 3, 0, '2025-01-15 03:46:30', '2025-01-15 03:46:30'),
(140, '我的寵物日記 140', '今天和我的寵物一起出去玩，牠真的很可愛！', 18, '已發佈', 27, 7, 0, '2025-01-15 03:46:30', '2025-01-15 03:46:30'),
(141, '我的寵物日記 141', '今天和我的寵物一起出去玩，牠真的很可愛！', 7, '已發佈', 36, 14, 0, '2025-01-15 03:46:30', '2025-01-15 03:46:30'),
(142, '我的寵物日記 142', '今天和我的寵物一起出去玩，牠真的很可愛！', 12, '已發佈', 49, 20, 0, '2025-01-15 03:46:30', '2025-01-15 03:46:30'),
(143, '我的寵物日記 143', '今天和我的寵物一起出去玩，牠真的很可愛！', 15, '已發佈', 40, 4, 0, '2025-01-15 03:46:30', '2025-01-15 03:46:30'),
(144, '我的寵物日記 144', '今天和我的寵物一起出去玩，牠真的很可愛！', 5, '已發佈', 37, 14, 0, '2025-01-15 03:46:30', '2025-01-15 03:46:30'),
(145, '我的寵物日記 145', '今天和我的寵物一起出去玩，牠真的很可愛！', 1, '已發佈', 2, 0, 0, '2025-01-15 03:46:30', '2025-01-15 03:46:30'),
(146, '我的寵物日記 146', '今天和我的寵物一起出去玩，牠真的很可愛！', 6, '已發佈', 35, 3, 0, '2025-01-15 03:46:30', '2025-01-15 03:46:30'),
(147, '我的寵物日記 147', '今天和我的寵物一起出去玩，牠真的很可愛！', 12, '已發佈', 34, 12, 0, '2025-01-15 03:46:30', '2025-01-15 03:46:30'),
(148, '我的寵物日記 148', '今天和我的寵物一起出去玩，牠真的很可愛！', 5, '已發佈', 30, 13, 0, '2025-01-15 03:46:30', '2025-01-15 03:46:30'),
(149, '我的寵物日記 149', '今天和我的寵物一起出去玩，牠真的很可愛！', 16, '已發佈', 30, 10, 0, '2025-01-15 03:46:30', '2025-01-15 03:46:30'),
(150, '我的寵物日記 150', '今天和我的寵物一起出去玩，牠真的很可愛！', 17, '已發佈', 9, 13, 0, '2025-01-15 03:46:30', '2025-01-15 03:46:30'),
(151, '我的寵物日記 151', '今天和我的寵物一起出去玩，牠真的很可愛！', 5, '已發佈', 25, 11, 0, '2025-01-15 03:46:30', '2025-01-15 03:46:30'),
(152, '我的寵物日記 152', '今天和我的寵物一起出去玩，牠真的很可愛！', 3, '已發佈', 28, 5, 0, '2025-01-15 03:46:30', '2025-01-15 03:46:30'),
(153, '我的寵物日記 153', '今天和我的寵物一起出去玩，牠真的很可愛！', 12, '已發佈', 26, 14, 0, '2025-01-15 03:46:30', '2025-01-15 03:46:30'),
(154, '我的寵物日記 154', '今天和我的寵物一起出去玩，牠真的很可愛！', 1, '已發佈', 36, 13, 0, '2025-01-15 03:46:30', '2025-01-15 03:46:30'),
(155, '我的寵物日記 155', '今天和我的寵物一起出去玩，牠真的很可愛！', 3, '已發佈', 26, 1, 0, '2025-01-15 03:46:30', '2025-01-15 03:46:30'),
(156, '我的寵物日記 156', '今天和我的寵物一起出去玩，牠真的很可愛！', 11, '已發佈', 23, 14, 0, '2025-01-15 03:46:30', '2025-01-15 03:46:30'),
(157, '我的寵物日記 157', '今天和我的寵物一起出去玩，牠真的很可愛！', 13, '已發佈', 44, 17, 0, '2025-01-15 03:46:30', '2025-01-15 03:46:30'),
(158, '我的寵物日記 158', '今天和我的寵物一起出去玩，牠真的很可愛！', 7, '已發佈', 0, 20, 0, '2025-01-15 03:46:30', '2025-01-15 03:46:30'),
(159, '我的寵物日記 159', '今天和我的寵物一起出去玩，牠真的很可愛！', 6, '已發佈', 38, 7, 0, '2025-01-15 03:46:30', '2025-01-15 03:46:30'),
(160, '我的寵物日記 160', '今天和我的寵物一起出去玩，牠真的很可愛！', 19, '已發佈', 48, 15, 0, '2025-01-15 03:46:30', '2025-01-15 03:46:30'),
(161, '我的寵物日記 161', '今天和我的寵物一起出去玩，牠真的很可愛！', 4, '已發佈', 13, 2, 0, '2025-01-15 03:46:30', '2025-01-15 03:46:30'),
(162, '我的寵物日記 162', '今天和我的寵物一起出去玩，牠真的很可愛！', 7, '已發佈', 43, 4, 0, '2025-01-15 03:46:30', '2025-01-15 03:46:30'),
(163, '我的寵物日記 163', '今天和我的寵物一起出去玩，牠真的很可愛！', 4, '已發佈', 20, 0, 0, '2025-01-15 03:46:30', '2025-01-15 03:46:30'),
(164, '我的寵物日記 164', '今天和我的寵物一起出去玩，牠真的很可愛！', 2, '已發佈', 26, 14, 0, '2025-01-15 03:46:30', '2025-01-15 03:46:30'),
(165, '我的寵物日記 165', '今天和我的寵物一起出去玩，牠真的很可愛！', 20, '已發佈', 21, 0, 0, '2025-01-15 03:46:30', '2025-01-15 03:46:30'),
(166, '我的寵物日記 166', '今天和我的寵物一起出去玩，牠真的很可愛！', 16, '已發佈', 48, 18, 0, '2025-01-15 03:46:30', '2025-01-15 03:46:30'),
(167, '我的寵物日記 167', '今天和我的寵物一起出去玩，牠真的很可愛！', 8, '已發佈', 47, 16, 0, '2025-01-15 03:46:30', '2025-01-15 03:46:30'),
(168, '我的寵物日記 168', '今天和我的寵物一起出去玩，牠真的很可愛！', 16, '已發佈', 29, 3, 0, '2025-01-15 03:46:30', '2025-01-15 03:46:30'),
(169, '我的寵物日記 169', '今天和我的寵物一起出去玩，牠真的很可愛！', 13, '已發佈', 3, 10, 0, '2025-01-15 03:46:30', '2025-01-15 03:46:30'),
(170, '我的寵物日記 170', '今天和我的寵物一起出去玩，牠真的很可愛！', 8, '已發佈', 7, 0, 0, '2025-01-15 03:46:30', '2025-01-15 03:46:30'),
(171, '我的寵物日記 171', '今天和我的寵物一起出去玩，牠真的很可愛！', 16, '已發佈', 40, 18, 0, '2025-01-15 03:46:30', '2025-01-15 03:46:30'),
(172, '我的寵物日記 172', '今天和我的寵物一起出去玩，牠真的很可愛！', 11, '已發佈', 19, 9, 0, '2025-01-15 03:46:30', '2025-01-15 03:46:30'),
(173, '我的寵物日記 173', '今天和我的寵物一起出去玩，牠真的很可愛！', 17, '已發佈', 38, 0, 0, '2025-01-15 03:46:30', '2025-01-15 03:46:30'),
(174, '我的寵物日記 174', '今天和我的寵物一起出去玩，牠真的很可愛！', 19, '已發佈', 35, 9, 0, '2025-01-15 03:46:30', '2025-01-15 03:46:30'),
(175, '我的寵物日記 175', '今天和我的寵物一起出去玩，牠真的很可愛！', 18, '已發佈', 17, 1, 0, '2025-01-15 03:46:30', '2025-01-15 03:46:30'),
(176, '我的寵物日記 176', '今天和我的寵物一起出去玩，牠真的很可愛！', 4, '已發佈', 22, 20, 0, '2025-01-15 03:46:30', '2025-01-15 03:46:30'),
(177, '我的寵物日記 177', '今天和我的寵物一起出去玩，牠真的很可愛！', 9, '已發佈', 20, 3, 0, '2025-01-15 03:46:30', '2025-01-15 03:46:30'),
(178, '我的寵物日記 178', '今天和我的寵物一起出去玩，牠真的很可愛！', 19, '已發佈', 27, 11, 0, '2025-01-15 03:46:30', '2025-01-15 03:46:30'),
(179, '我的寵物日記 179', '今天和我的寵物一起出去玩，牠真的很可愛！', 12, '已發佈', 49, 12, 0, '2025-01-15 03:46:30', '2025-01-15 03:46:30'),
(180, '我的寵物日記 180', '今天和我的寵物一起出去玩，牠真的很可愛！', 15, '已發佈', 42, 5, 0, '2025-01-15 03:46:30', '2025-01-15 03:46:30'),
(181, '我的寵物日記 181', '今天和我的寵物一起出去玩，牠真的很可愛！', 5, '已發佈', 16, 1, 0, '2025-01-15 03:46:30', '2025-01-15 03:46:30'),
(182, '我的寵物日記 182', '今天和我的寵物一起出去玩，牠真的很可愛！', 18, '已發佈', 27, 11, 0, '2025-01-15 03:46:30', '2025-01-15 03:46:30'),
(183, '我的寵物日記 183', '今天和我的寵物一起出去玩，牠真的很可愛！', 14, '已發佈', 1, 1, 0, '2025-01-15 03:46:30', '2025-01-15 03:46:30'),
(184, '我的寵物日記 184', '今天和我的寵物一起出去玩，牠真的很可愛！', 17, '已發佈', 41, 13, 0, '2025-01-15 03:46:30', '2025-01-15 03:46:30'),
(185, '我的寵物日記 185', '今天和我的寵物一起出去玩，牠真的很可愛！', 18, '已發佈', 34, 9, 0, '2025-01-15 03:46:30', '2025-01-15 03:46:30'),
(186, '我的寵物日記 186', '今天和我的寵物一起出去玩，牠真的很可愛！', 3, '已發佈', 5, 11, 0, '2025-01-15 03:46:30', '2025-01-15 03:46:30'),
(187, '我的寵物日記 187', '今天和我的寵物一起出去玩，牠真的很可愛！', 13, '已發佈', 7, 18, 0, '2025-01-15 03:46:30', '2025-01-15 03:46:30'),
(188, '我的寵物日記 188', '今天和我的寵物一起出去玩，牠真的很可愛！', 20, '已發佈', 21, 1, 0, '2025-01-15 03:46:30', '2025-01-15 03:46:30'),
(189, '我的寵物日記 189', '今天和我的寵物一起出去玩，牠真的很可愛！', 18, '已發佈', 32, 7, 0, '2025-01-15 03:46:30', '2025-01-15 03:46:30'),
(190, '我的寵物日記 190', '今天和我的寵物一起出去玩，牠真的很可愛！', 13, '已發佈', 12, 7, 0, '2025-01-15 03:46:30', '2025-01-15 03:46:30'),
(191, '我的寵物日記 191', '今天和我的寵物一起出去玩，牠真的很可愛！', 3, '已發佈', 40, 13, 0, '2025-01-15 03:46:30', '2025-01-15 03:46:30'),
(192, '我的寵物日記 192', '今天和我的寵物一起出去玩，牠真的很可愛！', 18, '已發佈', 45, 9, 0, '2025-01-15 03:46:30', '2025-01-15 03:46:30'),
(193, '我的寵物日記 193', '今天和我的寵物一起出去玩，牠真的很可愛！', 11, '已發佈', 9, 1, 0, '2025-01-15 03:46:30', '2025-01-15 03:46:30'),
(194, '我的寵物日記 194', '今天和我的寵物一起出去玩，牠真的很可愛！', 9, '已發佈', 48, 3, 0, '2025-01-15 03:46:30', '2025-01-15 03:46:30'),
(195, '我的寵物日記 195', '今天和我的寵物一起出去玩，牠真的很可愛！', 5, '已發佈', 12, 13, 0, '2025-01-15 03:46:30', '2025-01-15 03:46:30'),
(196, '我的寵物日記 196', '今天和我的寵物一起出去玩，牠真的很可愛！', 8, '已發佈', 3, 17, 0, '2025-01-15 03:46:30', '2025-01-15 03:46:30'),
(197, '我的寵物日記 197', '今天和我的寵物一起出去玩，牠真的很可愛！', 19, '已發佈', 42, 5, 0, '2025-01-15 03:46:30', '2025-01-15 03:46:30'),
(198, '我的寵物日記 198', '今天和我的寵物一起出去玩，牠真的很可愛！', 17, '已發佈', 23, 3, 0, '2025-01-15 03:46:30', '2025-01-15 03:46:30'),
(199, '我的寵物日記 199', '今天和我的寵物一起出去玩，牠真的很可愛！', 6, '已發佈', 8, 19, 0, '2025-01-15 03:46:30', '2025-01-15 03:46:30'),
(200, '我的寵物日記 200', '今天和我的寵物一起出去玩，牠真的很可愛！', 3, '已發佈', 48, 4, 0, '2025-01-15 03:46:30', '2025-01-15 03:46:30');

-- --------------------------------------------------------

--
-- 資料表結構 `posts_likes`
--

CREATE TABLE `posts_likes` (
  `id` int NOT NULL,
  `post_id` int NOT NULL,
  `user_id` int DEFAULT NULL,
  `ip` varchar(45) CHARACTER SET utf8mb4 COLLATE utf8mb4_general_ci DEFAULT NULL
) ENGINE=InnoDB DEFAULT CHARSET=utf8mb4 COLLATE=utf8mb4_general_ci;

--
-- 傾印資料表的資料 `posts_likes`
--

INSERT INTO `posts_likes` (`id`, `post_id`, `user_id`, `ip`) VALUES
(1, 13, NULL, '192.168.1.219'),
(2, 161, NULL, '192.168.1.194'),
(3, 2, 15, '192.168.1.180'),
(4, 91, 14, '192.168.1.79'),
(5, 26, NULL, '192.168.1.193'),
(6, 14, 2, '192.168.1.125'),
(7, 133, NULL, '192.168.1.110'),
(8, 196, NULL, '192.168.1.165'),
(9, 42, NULL, '192.168.1.247'),
(10, 161, NULL, '192.168.1.72'),
(11, 139, 16, '192.168.1.225'),
(12, 179, NULL, '192.168.1.207'),
(13, 131, NULL, '192.168.1.248'),
(14, 193, 6, '192.168.1.37'),
(15, 103, NULL, '192.168.1.182'),
(16, 139, 20, '192.168.1.18'),
(17, 150, NULL, '192.168.1.158'),
(18, 163, NULL, '192.168.1.168'),
(19, 77, NULL, '192.168.1.189'),
(20, 199, NULL, '192.168.1.179'),
(21, 43, NULL, '192.168.1.103'),
(22, 168, NULL, '192.168.1.166'),
(23, 112, 20, '192.168.1.174'),
(24, 141, NULL, '192.168.1.223'),
(25, 91, NULL, '192.168.1.84'),
(26, 166, NULL, '192.168.1.10'),
(27, 55, 12, '192.168.1.90'),
(28, 30, 9, '192.168.1.251'),
(29, 39, NULL, '192.168.1.193'),
(30, 47, NULL, '192.168.1.80'),
(31, 5, 12, '192.168.1.44'),
(32, 79, 7, '192.168.1.228'),
(33, 90, NULL, '192.168.1.112'),
(34, 153, 11, '192.168.1.222'),
(35, 113, NULL, '192.168.1.102'),
(36, 143, 14, '192.168.1.102'),
(37, 110, NULL, '192.168.1.108'),
(38, 81, 12, '192.168.1.82'),
(39, 15, 3, '192.168.1.7'),
(40, 181, NULL, '192.168.1.20'),
(41, 176, 2, '192.168.1.26'),
(42, 54, 4, '192.168.1.113'),
(43, 16, NULL, '192.168.1.99'),
(44, 59, 9, '192.168.1.117'),
(45, 70, 13, '192.168.1.206'),
(46, 42, 19, '192.168.1.175'),
(47, 57, NULL, '192.168.1.65'),
(48, 124, NULL, '192.168.1.191'),
(49, 169, 7, '192.168.1.178'),
(50, 81, 14, '192.168.1.109');

-- --------------------------------------------------------

--
-- 資料表結構 `products`
--

CREATE TABLE `products` (
  `product_id` int NOT NULL,
  `product_name` varchar(255) CHARACTER SET utf8mb4 COLLATE utf8mb4_general_ci NOT NULL,
  `product_description` text CHARACTER SET utf8mb4 COLLATE utf8mb4_general_ci,
  `price` int NOT NULL,
  `category_id` int NOT NULL,
  `created_at` datetime NOT NULL DEFAULT CURRENT_TIMESTAMP,
  `updated_at` datetime NOT NULL DEFAULT CURRENT_TIMESTAMP ON UPDATE CURRENT_TIMESTAMP,
  `product_status` varchar(20) CHARACTER SET utf8mb4 COLLATE utf8mb4_general_ci DEFAULT '上架',
  `image_url` varchar(255) CHARACTER SET utf8mb4 COLLATE utf8mb4_general_ci DEFAULT NULL,
  `stock_quantity` int NOT NULL DEFAULT '0',
  `is_deleted` tinyint(1) NOT NULL DEFAULT '0'
) ENGINE=InnoDB DEFAULT CHARSET=utf8mb4 COLLATE=utf8mb4_general_ci;

-- --------------------------------------------------------

--
-- 資料表結構 `product_reviews`
--

CREATE TABLE `product_reviews` (
  `review_id` int NOT NULL,
  `order_item_id` int NOT NULL,
  `user_id` int DEFAULT NULL,
  `product_id` int DEFAULT NULL,
  `variant_id` int DEFAULT NULL,
  `rating` int NOT NULL,
  `review_text` text CHARACTER SET utf8mb4 COLLATE utf8mb4_general_ci,
  `created_at` datetime NOT NULL DEFAULT CURRENT_TIMESTAMP
) ENGINE=InnoDB DEFAULT CHARSET=utf8mb4 COLLATE=utf8mb4_general_ci;

-- --------------------------------------------------------

--
-- 資料表結構 `product_variants`
--

CREATE TABLE `product_variants` (
  `variant_id` int NOT NULL,
  `product_id` int NOT NULL,
  `variant_name` varchar(255) CHARACTER SET utf8mb4 COLLATE utf8mb4_general_ci NOT NULL,
  `price` int NOT NULL,
  `stock_quantity` int NOT NULL DEFAULT '0',
  `variant_status` varchar(20) COLLATE utf8mb4_general_ci DEFAULT NULL,
  `image_url` varchar(255) CHARACTER SET utf8mb4 COLLATE utf8mb4_general_ci DEFAULT NULL,
  `is_deleted` tinyint(1) DEFAULT '0',
  `created_at` datetime NOT NULL DEFAULT CURRENT_TIMESTAMP,
  `updated_at` datetime NOT NULL DEFAULT CURRENT_TIMESTAMP ON UPDATE CURRENT_TIMESTAMP
) ENGINE=InnoDB DEFAULT CHARSET=utf8mb4 COLLATE=utf8mb4_general_ci;

-- --------------------------------------------------------

--
-- 資料表結構 `promotions`
--

CREATE TABLE `promotions` (
  `promotion_id` int NOT NULL,
  `promotion_name` varchar(255) CHARACTER SET utf8mb4 COLLATE utf8mb4_general_ci NOT NULL,
  `promotion_description` text CHARACTER SET utf8mb4 COLLATE utf8mb4_general_ci,
  `start_date` date NOT NULL,
  `end_date` date DEFAULT NULL,
  `discount_percentage` int NOT NULL
) ENGINE=InnoDB DEFAULT CHARSET=utf8mb4 COLLATE=utf8mb4_general_ci;

-- --------------------------------------------------------

--
-- 資料表結構 `promotion_products`
--

CREATE TABLE `promotion_products` (
  `promotion_product_id` int NOT NULL,
  `promotion_id` int NOT NULL,
  `product_id` int DEFAULT NULL,
  `variant_id` int DEFAULT NULL,
  `category_id` int DEFAULT NULL
) ENGINE=InnoDB DEFAULT CHARSET=utf8mb4 COLLATE=utf8mb4_general_ci;

-- --------------------------------------------------------

--
-- 資料表結構 `receipts`
--

CREATE TABLE `receipts` (
  `id` int NOT NULL,
  `donation_id` int NOT NULL,
  `receipt_name` varchar(80) CHARACTER SET utf8mb4 COLLATE utf8mb4_general_ci DEFAULT NULL,
  `receipt_phone` varchar(10) CHARACTER SET utf8mb4 COLLATE utf8mb4_general_ci DEFAULT NULL,
  `receipt_address` varchar(250) CHARACTER SET utf8mb4 COLLATE utf8mb4_general_ci DEFAULT NULL
) ENGINE=InnoDB DEFAULT CHARSET=utf8mb4 COLLATE=utf8mb4_general_ci;

--
-- 傾印資料表的資料 `receipts`
--

INSERT INTO `receipts` (`id`, `donation_id`, `receipt_name`, `receipt_phone`, `receipt_address`) VALUES
(1, 1, '王小明', '0911111111', '台北市中山區南京東路一段100號'),
(2, 2, NULL, NULL, NULL),
(3, 3, '張美美', '0922222222', '台北市信義區松山路200號'),
(4, 4, '林志強', '0933333333', '高雄市前鎮區民生路300號'),
(5, 5, NULL, NULL, NULL),
(6, 6, '李華', '0944444444', '台中市北屯區文心路400號'),
(7, 7, '陳志宏', '0955555555', '新竹市東區光復路500號'),
(8, 8, NULL, NULL, NULL),
(9, 9, '黃淑芬', '0966666666', '台南市中西區中正路600號'),
(10, 10, '周杰倫', '0977777777', '桃園市中壢區中山路700號');

-- --------------------------------------------------------

--
-- 資料表結構 `refunds`
--

CREATE TABLE `refunds` (
  `refund_id` int NOT NULL,
  `order_id` varchar(30) CHARACTER SET utf8mb4 COLLATE utf8mb4_general_ci NOT NULL,
  `refund_amount` int NOT NULL,
  `refund_reason` text CHARACTER SET utf8mb4 COLLATE utf8mb4_general_ci NOT NULL,
  `refund_status` varchar(20) CHARACTER SET utf8mb4 COLLATE utf8mb4_general_ci NOT NULL,
  `processed_at` datetime NOT NULL,
  `payment_method` varchar(255) CHARACTER SET utf8mb4 COLLATE utf8mb4_general_ci NOT NULL,
  `notes` text CHARACTER SET utf8mb4 COLLATE utf8mb4_general_ci
) ENGINE=InnoDB DEFAULT CHARSET=utf8mb4 COLLATE=utf8mb4_general_ci;

-- --------------------------------------------------------

--
-- 資料表結構 `reports`
--

CREATE TABLE `reports` (
  `id` int NOT NULL,
  `target_table` enum('post','comment') CHARACTER SET utf8mb4 COLLATE utf8mb4_general_ci NOT NULL,
  `target_id` int NOT NULL,
  `reporter_id` int NOT NULL,
  `reason` text CHARACTER SET utf8mb4 COLLATE utf8mb4_general_ci NOT NULL,
  `status` enum('待審核','審核通過','審核駁回') CHARACTER SET utf8mb4 COLLATE utf8mb4_general_ci DEFAULT '待審核',
  `created_at` timestamp NULL DEFAULT CURRENT_TIMESTAMP
) ENGINE=InnoDB DEFAULT CHARSET=utf8mb4 COLLATE=utf8mb4_general_ci;

--
-- 傾印資料表的資料 `reports`
--

INSERT INTO `reports` (`id`, `target_table`, `target_id`, `reporter_id`, `reason`, `status`, `created_at`) VALUES
(1, 'post', 37, 1, '這篇內容疑似違規', '待審核', '2025-01-15 03:46:47'),
(2, 'comment', 240, 14, '這篇內容疑似違規', '待審核', '2025-01-15 03:46:47'),
(3, 'comment', 165, 3, '這篇內容疑似違規', '待審核', '2025-01-15 03:46:47'),
(4, 'comment', 100, 8, '這篇內容疑似違規', '待審核', '2025-01-15 03:46:47'),
(5, 'post', 137, 5, '這篇內容疑似違規', '待審核', '2025-01-15 03:46:47'),
(6, 'post', 188, 19, '這篇內容疑似違規', '待審核', '2025-01-15 03:46:47'),
(7, 'comment', 384, 6, '這篇內容疑似違規', '待審核', '2025-01-15 03:46:47'),
(8, 'post', 167, 14, '這篇內容疑似違規', '待審核', '2025-01-15 03:46:47'),
(9, 'comment', 303, 6, '這篇內容疑似違規', '待審核', '2025-01-15 03:46:47'),
(10, 'post', 67, 13, '這篇內容疑似違規', '待審核', '2025-01-15 03:46:47'),
(11, 'comment', 467, 7, '這篇內容疑似違規', '待審核', '2025-01-15 03:46:47'),
(12, 'post', 157, 14, '這篇內容疑似違規', '待審核', '2025-01-15 03:46:47'),
(13, 'post', 34, 18, '這篇內容疑似違規', '待審核', '2025-01-15 03:46:47'),
(14, 'post', 92, 7, '這篇內容疑似違規', '待審核', '2025-01-15 03:46:47'),
(15, 'post', 196, 20, '這篇內容疑似違規', '待審核', '2025-01-15 03:46:47'),
(16, 'comment', 305, 3, '這篇內容疑似違規', '待審核', '2025-01-15 03:46:47'),
(17, 'comment', 413, 7, '這篇內容疑似違規', '待審核', '2025-01-15 03:46:47'),
(18, 'post', 177, 8, '這篇內容疑似違規', '待審核', '2025-01-15 03:46:47'),
(19, 'comment', 292, 5, '這篇內容疑似違規', '待審核', '2025-01-15 03:46:47'),
(20, 'comment', 233, 3, '這篇內容疑似違規', '待審核', '2025-01-15 03:46:47');

-- --------------------------------------------------------

--
-- 資料表結構 `return_order`
--

CREATE TABLE `return_order` (
  `return_id` int NOT NULL,
  `order_id` varchar(30) CHARACTER SET utf8mb4 COLLATE utf8mb4_general_ci NOT NULL,
  `return_date` datetime NOT NULL DEFAULT CURRENT_TIMESTAMP,
  `return_status` varchar(25) CHARACTER SET utf8mb4 COLLATE utf8mb4_general_ci NOT NULL,
  `reason` text CHARACTER SET utf8mb4 COLLATE utf8mb4_general_ci NOT NULL,
  `refund_amount` int DEFAULT NULL,
  `refund_status` varchar(20) CHARACTER SET utf8mb4 COLLATE utf8mb4_general_ci NOT NULL,
  `refund_processed_at` datetime DEFAULT NULL,
  `notes` text CHARACTER SET utf8mb4 COLLATE utf8mb4_general_ci
) ENGINE=InnoDB DEFAULT CHARSET=utf8mb4 COLLATE=utf8mb4_general_ci;

-- --------------------------------------------------------

--
-- 資料表結構 `users`
--

CREATE TABLE `users` (
  `user_id` int NOT NULL,
  `user_email` varchar(255) NOT NULL,
  `user_password` varchar(255) NOT NULL,
  `user_name` varchar(255) NOT NULL,
  `user_number` varchar(255) NOT NULL,
  `user_address` varchar(255) NOT NULL,
  `user_birthday` date DEFAULT NULL,
  `user_level` varchar(255) DEFAULT NULL,
  `profile_picture` varchar(255) DEFAULT NULL,
  `user_status` varchar(255) DEFAULT NULL
) ENGINE=InnoDB DEFAULT CHARSET=utf8mb4 COLLATE=utf8mb4_0900_ai_ci;

--
-- 傾印資料表的資料 `users`
--

INSERT INTO `users` (`user_id`, `user_email`, `user_password`, `user_name`, `user_number`, `user_address`, `user_birthday`, `user_level`, `profile_picture`, `user_status`) VALUES
(1, 'user1@example.com', 'password1', '王小明', '0912345671', '台北市中正區', '1990-01-01', '愛心小天使', NULL, '正常'),
(2, 'user2@example.com', 'password2', '李小美', '0923456782', '台中市西屯區', '1992-02-15', '乾爹乾媽', NULL, '禁言'),
(3, 'user3@example.com', 'password3', '陳大同', '0934567893', '高雄市苓雅區', '1988-03-20', '愛心小天使', NULL, '正常'),
(4, 'user4@example.com', 'password4', '林淑芬', '0945678904', '台南市安平區', '1995-04-10', '乾爹乾媽', NULL, '禁言'),
(5, 'user5@example.com', 'password5', '張志明', '0956789015', '新北市板橋區', '1991-05-25', '愛心小天使', NULL, '正常'),
(6, 'user6@example.com', 'password6', '黃麗華', '0967890126', '桃園市桃園區', '1989-06-30', '乾爹乾媽', NULL, '禁言'),
(7, 'user7@example.com', 'password7', '蔡建國', '0978901237', '新竹市東區', '1993-07-05', '愛心小天使', NULL, '正常'),
(8, 'user8@example.com', 'password8', '楊秀英', '0989012348', '基隆市仁愛區', '1994-08-18', '乾爹乾媽', NULL, '禁言'),
(9, 'user9@example.com', 'password9', '吳文雄', '0901234569', '嘉義市東區', '1996-09-22', '愛心小天使', NULL, '正常'),
(10, 'user10@example.com', 'password10', '劉雅婷', '0913456780', '彰化縣彰化市', '1990-10-12', '乾爹乾媽', NULL, '正常'),
(11, 'user11@example.com', 'password11', '鄭俊傑', '0924567891', '雲林縣斗六市', '1992-11-08', '愛心小天使', NULL, '正常'),
(12, 'user12@example.com', 'password12', '謝美玲', '0935678902', '南投縣南投市', '1988-12-03', '乾爹乾媽', NULL, '禁言'),
(13, 'user13@example.com', 'password13', '郭富城', '0946789013', '屏東縣屏東市', '1995-01-28', '愛心小天使', NULL, '正常'),
(14, 'user14@example.com', 'password14', '林依晨', '0957890124', '宜蘭縣宜蘭市', '1991-02-19', '乾爹乾媽', NULL, '禁言'),
(15, 'user15@example.com', 'password15', '周杰倫', '0968901235', '花蓮縣花蓮市', '1989-03-15', '愛心小天使', NULL, '正常'),
(16, 'user16@example.com', 'password16', '蔡依林', '0979012346', '台東縣台東市', '1993-04-09', '乾爹乾媽', NULL, '禁言'),
(17, 'user17@example.com', 'password17', '五月天阿信', '0980123457', '澎湖縣馬公市', '1994-05-22', '愛心小天使', NULL, '正常'),
(18, 'user18@example.com', 'password18', '蘇打綠青峰', '0902345678', '連江縣南竿鄉', '1996-06-16', '乾爹乾媽', NULL, '正常'),
(19, 'user19@example.com', 'password19', '田馥甄', '0914567899', '苗栗縣苗栗市', '1990-07-07', '愛心小天使', NULL, '正常'),
(20, 'user20@example.com', 'password20', '蕭敬騰', '0925678900', '金門縣金城鎮', '1992-08-01', '乾爹乾媽', NULL, '正常');

-- --------------------------------------------------------

--
-- 資料表結構 `user_sessions`
--

CREATE TABLE `user_sessions` (
  `user_id` int NOT NULL,
  `ip_address` varchar(255) NOT NULL,
  `login_time` datetime DEFAULT CURRENT_TIMESTAMP,
  `logout_time` datetime DEFAULT NULL
) ENGINE=InnoDB DEFAULT CHARSET=utf8mb4 COLLATE=utf8mb4_0900_ai_ci;

--
-- 已傾印資料表的索引
--

--
-- 資料表索引 `bank_transfer_details`
--
ALTER TABLE `bank_transfer_details`
  ADD PRIMARY KEY (`id`),
  ADD KEY `bank_transfer_details_ibfk_1` (`donation_id`);

--
-- 資料表索引 `bans`
--
ALTER TABLE `bans`
  ADD PRIMARY KEY (`id`),
  ADD KEY `user_id` (`user_id`),
  ADD KEY `banned_by` (`banned_by`);

--
-- 資料表索引 `bookmarks`
--
ALTER TABLE `bookmarks`
  ADD PRIMARY KEY (`id`),
  ADD KEY `user_id` (`user_id`),
  ADD KEY `post_id` (`post_id`);

--
-- 資料表索引 `categories`
--
ALTER TABLE `categories`
  ADD PRIMARY KEY (`category_id`),
  ADD KEY `parent_id` (`parent_id`);

--
-- 資料表索引 `comments`
--
ALTER TABLE `comments`
  ADD PRIMARY KEY (`id`),
  ADD KEY `post_id` (`post_id`),
  ADD KEY `user_id` (`user_id`);

--
-- 資料表索引 `donations`
--
ALTER TABLE `donations`
  ADD PRIMARY KEY (`id`),
  ADD KEY `pet_id` (`pet_id`),
  ADD KEY `user_id` (`user_id`);

--
-- 資料表索引 `expenses`
--
ALTER TABLE `expenses`
  ADD PRIMARY KEY (`id`),
  ADD KEY `refund_id` (`refund_id`),
  ADD KEY `created_by` (`created_by`);

--
-- 資料表索引 `follows`
--
ALTER TABLE `follows`
  ADD PRIMARY KEY (`id`),
  ADD KEY `following_user_id` (`following_user_id`),
  ADD KEY `followed_user_id` (`followed_user_id`);

--
-- 資料表索引 `manager`
--
ALTER TABLE `manager`
  ADD PRIMARY KEY (`id`),
  ADD UNIQUE KEY `manager_account` (`manager_account`),
  ADD UNIQUE KEY `manager_account_2` (`manager_account`);

--
-- 資料表索引 `orders`
--
ALTER TABLE `orders`
  ADD PRIMARY KEY (`order_id`);

--
-- 資料表索引 `order_items`
--
ALTER TABLE `order_items`
  ADD PRIMARY KEY (`order_item_id`),
  ADD KEY `order_id` (`order_id`),
  ADD KEY `product_id` (`product_id`),
  ADD KEY `variant_id` (`variant_id`);

--
-- 資料表索引 `pets`
--
ALTER TABLE `pets`
  ADD PRIMARY KEY (`id`),
  ADD UNIQUE KEY `chip_number` (`chip_number`),
  ADD KEY `store_id` (`store_id`);

--
-- 資料表索引 `pets_like`
--
ALTER TABLE `pets_like`
  ADD PRIMARY KEY (`user_id`,`pet_id`),
  ADD KEY `pet_id` (`pet_id`);

--
-- 資料表索引 `pets_recent_activities`
--
ALTER TABLE `pets_recent_activities`
  ADD PRIMARY KEY (`id`),
  ADD KEY `pet_id` (`pet_id`);

--
-- 資料表索引 `pet_appointment`
--
ALTER TABLE `pet_appointment`
  ADD PRIMARY KEY (`id`),
  ADD KEY `user_id` (`user_id`),
  ADD KEY `pet_id` (`pet_id`);

--
-- 資料表索引 `pet_store`
--
ALTER TABLE `pet_store`
  ADD PRIMARY KEY (`id`);

--
-- 資料表索引 `pet_trait`
--
ALTER TABLE `pet_trait`
  ADD PRIMARY KEY (`pet_id`,`trait_id`),
  ADD KEY `trait_id` (`trait_id`);

--
-- 資料表索引 `pet_trait_list`
--
ALTER TABLE `pet_trait_list`
  ADD PRIMARY KEY (`id`);

--
-- 資料表索引 `posts`
--
ALTER TABLE `posts`
  ADD PRIMARY KEY (`id`),
  ADD KEY `user_id` (`user_id`);

--
-- 資料表索引 `posts_likes`
--
ALTER TABLE `posts_likes`
  ADD PRIMARY KEY (`id`),
  ADD KEY `post_id` (`post_id`),
  ADD KEY `user_id` (`user_id`);

--
-- 資料表索引 `products`
--
ALTER TABLE `products`
  ADD PRIMARY KEY (`product_id`),
  ADD KEY `category_id` (`category_id`);

--
-- 資料表索引 `product_reviews`
--
ALTER TABLE `product_reviews`
  ADD PRIMARY KEY (`review_id`),
  ADD KEY `order_item_id` (`order_item_id`),
  ADD KEY `product_id` (`product_id`),
  ADD KEY `variant_id` (`variant_id`);

--
-- 資料表索引 `product_variants`
--
ALTER TABLE `product_variants`
  ADD PRIMARY KEY (`variant_id`),
  ADD KEY `product_id` (`product_id`);

--
-- 資料表索引 `promotions`
--
ALTER TABLE `promotions`
  ADD PRIMARY KEY (`promotion_id`);

--
-- 資料表索引 `promotion_products`
--
ALTER TABLE `promotion_products`
  ADD PRIMARY KEY (`promotion_product_id`),
  ADD KEY `promotion_id` (`promotion_id`),
  ADD KEY `product_id` (`product_id`),
  ADD KEY `variant_id` (`variant_id`),
  ADD KEY `category_id` (`category_id`);

--
-- 資料表索引 `receipts`
--
ALTER TABLE `receipts`
  ADD PRIMARY KEY (`id`),
  ADD KEY `receipts_ibfk_1` (`donation_id`);

--
-- 資料表索引 `refunds`
--
ALTER TABLE `refunds`
  ADD PRIMARY KEY (`refund_id`),
  ADD KEY `order_id` (`order_id`);

--
-- 資料表索引 `reports`
--
ALTER TABLE `reports`
  ADD PRIMARY KEY (`id`),
  ADD KEY `reporter_id` (`reporter_id`);

--
-- 資料表索引 `return_order`
--
ALTER TABLE `return_order`
  ADD PRIMARY KEY (`return_id`),
  ADD KEY `order_id` (`order_id`);

--
-- 資料表索引 `users`
--
ALTER TABLE `users`
  ADD PRIMARY KEY (`user_id`),
  ADD UNIQUE KEY `user_email` (`user_email`);

--
-- 資料表索引 `user_sessions`
--
ALTER TABLE `user_sessions`
  ADD PRIMARY KEY (`user_id`);

--
-- 在傾印的資料表使用自動遞增(AUTO_INCREMENT)
--

--
-- 使用資料表自動遞增(AUTO_INCREMENT) `bank_transfer_details`
--
ALTER TABLE `bank_transfer_details`
  MODIFY `id` int NOT NULL AUTO_INCREMENT, AUTO_INCREMENT=11;

--
-- 使用資料表自動遞增(AUTO_INCREMENT) `bans`
--
ALTER TABLE `bans`
  MODIFY `id` int NOT NULL AUTO_INCREMENT, AUTO_INCREMENT=21;

--
-- 使用資料表自動遞增(AUTO_INCREMENT) `bookmarks`
--
ALTER TABLE `bookmarks`
  MODIFY `id` int NOT NULL AUTO_INCREMENT, AUTO_INCREMENT=21;

--
-- 使用資料表自動遞增(AUTO_INCREMENT) `categories`
--
ALTER TABLE `categories`
  MODIFY `category_id` int NOT NULL AUTO_INCREMENT;

--
-- 使用資料表自動遞增(AUTO_INCREMENT) `comments`
--
ALTER TABLE `comments`
  MODIFY `id` int NOT NULL AUTO_INCREMENT, AUTO_INCREMENT=501;

--
-- 使用資料表自動遞增(AUTO_INCREMENT) `donations`
--
ALTER TABLE `donations`
  MODIFY `id` int NOT NULL AUTO_INCREMENT, AUTO_INCREMENT=11;

--
-- 使用資料表自動遞增(AUTO_INCREMENT) `expenses`
--
ALTER TABLE `expenses`
  MODIFY `id` int NOT NULL AUTO_INCREMENT, AUTO_INCREMENT=11;

--
-- 使用資料表自動遞增(AUTO_INCREMENT) `follows`
--
ALTER TABLE `follows`
  MODIFY `id` int NOT NULL AUTO_INCREMENT, AUTO_INCREMENT=51;

--
-- 使用資料表自動遞增(AUTO_INCREMENT) `manager`
--
ALTER TABLE `manager`
  MODIFY `id` int NOT NULL AUTO_INCREMENT, AUTO_INCREMENT=7;

--
-- 使用資料表自動遞增(AUTO_INCREMENT) `order_items`
--
ALTER TABLE `order_items`
  MODIFY `order_item_id` int NOT NULL AUTO_INCREMENT;

--
-- 使用資料表自動遞增(AUTO_INCREMENT) `pets`
--
ALTER TABLE `pets`
  MODIFY `id` int NOT NULL AUTO_INCREMENT, AUTO_INCREMENT=102;

--
-- 使用資料表自動遞增(AUTO_INCREMENT) `pets_recent_activities`
--
ALTER TABLE `pets_recent_activities`
  MODIFY `id` int NOT NULL AUTO_INCREMENT;

--
-- 使用資料表自動遞增(AUTO_INCREMENT) `pet_appointment`
--
ALTER TABLE `pet_appointment`
  MODIFY `id` int NOT NULL AUTO_INCREMENT;

--
-- 使用資料表自動遞增(AUTO_INCREMENT) `pet_store`
--
ALTER TABLE `pet_store`
  MODIFY `id` int NOT NULL AUTO_INCREMENT, AUTO_INCREMENT=21;

--
-- 使用資料表自動遞增(AUTO_INCREMENT) `pet_trait_list`
--
ALTER TABLE `pet_trait_list`
  MODIFY `id` int NOT NULL AUTO_INCREMENT;

--
-- 使用資料表自動遞增(AUTO_INCREMENT) `posts`
--
ALTER TABLE `posts`
  MODIFY `id` int NOT NULL AUTO_INCREMENT, AUTO_INCREMENT=201;

--
-- 使用資料表自動遞增(AUTO_INCREMENT) `posts_likes`
--
ALTER TABLE `posts_likes`
  MODIFY `id` int NOT NULL AUTO_INCREMENT, AUTO_INCREMENT=51;

--
-- 使用資料表自動遞增(AUTO_INCREMENT) `products`
--
ALTER TABLE `products`
  MODIFY `product_id` int NOT NULL AUTO_INCREMENT;

--
-- 使用資料表自動遞增(AUTO_INCREMENT) `product_reviews`
--
ALTER TABLE `product_reviews`
  MODIFY `review_id` int NOT NULL AUTO_INCREMENT;

--
-- 使用資料表自動遞增(AUTO_INCREMENT) `product_variants`
--
ALTER TABLE `product_variants`
  MODIFY `variant_id` int NOT NULL AUTO_INCREMENT;

--
-- 使用資料表自動遞增(AUTO_INCREMENT) `promotions`
--
ALTER TABLE `promotions`
  MODIFY `promotion_id` int NOT NULL AUTO_INCREMENT;

--
-- 使用資料表自動遞增(AUTO_INCREMENT) `promotion_products`
--
ALTER TABLE `promotion_products`
  MODIFY `promotion_product_id` int NOT NULL AUTO_INCREMENT;

--
-- 使用資料表自動遞增(AUTO_INCREMENT) `receipts`
--
ALTER TABLE `receipts`
  MODIFY `id` int NOT NULL AUTO_INCREMENT, AUTO_INCREMENT=11;

--
-- 使用資料表自動遞增(AUTO_INCREMENT) `refunds`
--
ALTER TABLE `refunds`
  MODIFY `refund_id` int NOT NULL AUTO_INCREMENT;

--
-- 使用資料表自動遞增(AUTO_INCREMENT) `reports`
--
ALTER TABLE `reports`
  MODIFY `id` int NOT NULL AUTO_INCREMENT, AUTO_INCREMENT=21;

--
-- 使用資料表自動遞增(AUTO_INCREMENT) `return_order`
--
ALTER TABLE `return_order`
  MODIFY `return_id` int NOT NULL AUTO_INCREMENT;

--
-- 使用資料表自動遞增(AUTO_INCREMENT) `users`
--
ALTER TABLE `users`
  MODIFY `user_id` int NOT NULL AUTO_INCREMENT, AUTO_INCREMENT=21;

--
-- 已傾印資料表的限制式
--

--
-- 資料表的限制式 `bank_transfer_details`
--
ALTER TABLE `bank_transfer_details`
  ADD CONSTRAINT `bank_transfer_details_ibfk_1` FOREIGN KEY (`donation_id`) REFERENCES `donations` (`id`) ON DELETE CASCADE;

--
-- 資料表的限制式 `bans`
--
ALTER TABLE `bans`
  ADD CONSTRAINT `bans_ibfk_1` FOREIGN KEY (`user_id`) REFERENCES `users` (`user_id`) ON DELETE CASCADE,
  ADD CONSTRAINT `bans_ibfk_2` FOREIGN KEY (`banned_by`) REFERENCES `users` (`user_id`) ON DELETE CASCADE;

--
-- 資料表的限制式 `bookmarks`
--
ALTER TABLE `bookmarks`
  ADD CONSTRAINT `bookmarks_ibfk_1` FOREIGN KEY (`user_id`) REFERENCES `users` (`user_id`) ON DELETE CASCADE,
  ADD CONSTRAINT `bookmarks_ibfk_2` FOREIGN KEY (`post_id`) REFERENCES `posts` (`id`) ON DELETE CASCADE;

--
-- 資料表的限制式 `categories`
--
ALTER TABLE `categories`
  ADD CONSTRAINT `categories_ibfk_1` FOREIGN KEY (`parent_id`) REFERENCES `categories` (`category_id`);

--
-- 資料表的限制式 `comments`
--
ALTER TABLE `comments`
  ADD CONSTRAINT `comments_ibfk_1` FOREIGN KEY (`post_id`) REFERENCES `posts` (`id`) ON DELETE CASCADE,
  ADD CONSTRAINT `comments_ibfk_2` FOREIGN KEY (`user_id`) REFERENCES `users` (`user_id`) ON DELETE CASCADE;

--
-- 資料表的限制式 `donations`
--
ALTER TABLE `donations`
  ADD CONSTRAINT `donations_ibfk_1` FOREIGN KEY (`pet_id`) REFERENCES `pets` (`id`),
  ADD CONSTRAINT `donations_ibfk_2` FOREIGN KEY (`user_id`) REFERENCES `users` (`user_id`);

--
-- 資料表的限制式 `expenses`
--
ALTER TABLE `expenses`
  ADD CONSTRAINT `expenses_ibfk_1` FOREIGN KEY (`refund_id`) REFERENCES `refunds` (`refund_id`),
  ADD CONSTRAINT `expenses_ibfk_2` FOREIGN KEY (`created_by`) REFERENCES `manager` (`id`);

--
-- 資料表的限制式 `follows`
--
ALTER TABLE `follows`
  ADD CONSTRAINT `follows_ibfk_1` FOREIGN KEY (`following_user_id`) REFERENCES `users` (`user_id`) ON DELETE CASCADE,
  ADD CONSTRAINT `follows_ibfk_2` FOREIGN KEY (`followed_user_id`) REFERENCES `users` (`user_id`) ON DELETE CASCADE;

--
-- 資料表的限制式 `order_items`
--
ALTER TABLE `order_items`
  ADD CONSTRAINT `order_items_ibfk_1` FOREIGN KEY (`order_id`) REFERENCES `orders` (`order_id`) ON DELETE CASCADE,
  ADD CONSTRAINT `order_items_ibfk_2` FOREIGN KEY (`product_id`) REFERENCES `products` (`product_id`),
  ADD CONSTRAINT `order_items_ibfk_3` FOREIGN KEY (`variant_id`) REFERENCES `product_variants` (`variant_id`);

--
-- 資料表的限制式 `pets`
--
ALTER TABLE `pets`
  ADD CONSTRAINT `pets_ibfk_1` FOREIGN KEY (`store_id`) REFERENCES `pet_store` (`id`);

--
-- 資料表的限制式 `pets_like`
--
ALTER TABLE `pets_like`
  ADD CONSTRAINT `pets_like_ibfk_1` FOREIGN KEY (`user_id`) REFERENCES `users` (`user_id`),
  ADD CONSTRAINT `pets_like_ibfk_2` FOREIGN KEY (`pet_id`) REFERENCES `pets` (`id`);

--
-- 資料表的限制式 `pets_recent_activities`
--
ALTER TABLE `pets_recent_activities`
  ADD CONSTRAINT `pets_recent_activities_ibfk_1` FOREIGN KEY (`pet_id`) REFERENCES `pets` (`id`);

--
-- 資料表的限制式 `pet_appointment`
--
ALTER TABLE `pet_appointment`
  ADD CONSTRAINT `pet_appointment_ibfk_1` FOREIGN KEY (`user_id`) REFERENCES `users` (`user_id`),
  ADD CONSTRAINT `pet_appointment_ibfk_2` FOREIGN KEY (`pet_id`) REFERENCES `pets` (`id`);

--
-- 資料表的限制式 `pet_trait`
--
ALTER TABLE `pet_trait`
  ADD CONSTRAINT `pet_trait_ibfk_1` FOREIGN KEY (`pet_id`) REFERENCES `pets` (`id`),
  ADD CONSTRAINT `pet_trait_ibfk_2` FOREIGN KEY (`trait_id`) REFERENCES `pet_trait_list` (`id`);

--
-- 資料表的限制式 `posts`
--
ALTER TABLE `posts`
  ADD CONSTRAINT `posts_ibfk_1` FOREIGN KEY (`user_id`) REFERENCES `users` (`user_id`) ON DELETE CASCADE;

--
-- 資料表的限制式 `posts_likes`
--
ALTER TABLE `posts_likes`
  ADD CONSTRAINT `posts_likes_ibfk_1` FOREIGN KEY (`post_id`) REFERENCES `posts` (`id`) ON DELETE CASCADE,
  ADD CONSTRAINT `posts_likes_ibfk_2` FOREIGN KEY (`user_id`) REFERENCES `users` (`user_id`) ON DELETE CASCADE;

--
-- 資料表的限制式 `products`
--
ALTER TABLE `products`
  ADD CONSTRAINT `products_ibfk_1` FOREIGN KEY (`category_id`) REFERENCES `categories` (`category_id`);

--
-- 資料表的限制式 `product_reviews`
--
ALTER TABLE `product_reviews`
  ADD CONSTRAINT `product_reviews_ibfk_1` FOREIGN KEY (`order_item_id`) REFERENCES `order_items` (`order_item_id`) ON DELETE CASCADE,
  ADD CONSTRAINT `product_reviews_ibfk_2` FOREIGN KEY (`product_id`) REFERENCES `products` (`product_id`),
  ADD CONSTRAINT `product_reviews_ibfk_3` FOREIGN KEY (`variant_id`) REFERENCES `product_variants` (`variant_id`);

--
-- 資料表的限制式 `product_variants`
--
ALTER TABLE `product_variants`
  ADD CONSTRAINT `product_variants_ibfk_1` FOREIGN KEY (`product_id`) REFERENCES `products` (`product_id`) ON DELETE CASCADE;

--
-- 資料表的限制式 `promotion_products`
--
ALTER TABLE `promotion_products`
  ADD CONSTRAINT `promotion_products_ibfk_1` FOREIGN KEY (`promotion_id`) REFERENCES `promotions` (`promotion_id`) ON DELETE CASCADE,
  ADD CONSTRAINT `promotion_products_ibfk_2` FOREIGN KEY (`product_id`) REFERENCES `products` (`product_id`),
  ADD CONSTRAINT `promotion_products_ibfk_3` FOREIGN KEY (`variant_id`) REFERENCES `product_variants` (`variant_id`),
  ADD CONSTRAINT `promotion_products_ibfk_4` FOREIGN KEY (`category_id`) REFERENCES `categories` (`category_id`);

--
-- 資料表的限制式 `receipts`
--
ALTER TABLE `receipts`
  ADD CONSTRAINT `receipts_ibfk_1` FOREIGN KEY (`donation_id`) REFERENCES `donations` (`id`) ON DELETE CASCADE;

--
-- 資料表的限制式 `refunds`
--
ALTER TABLE `refunds`
  ADD CONSTRAINT `refunds_ibfk_1` FOREIGN KEY (`order_id`) REFERENCES `orders` (`order_id`) ON DELETE CASCADE;

--
-- 資料表的限制式 `reports`
--
ALTER TABLE `reports`
  ADD CONSTRAINT `reports_ibfk_1` FOREIGN KEY (`reporter_id`) REFERENCES `users` (`user_id`) ON DELETE CASCADE;

--
-- 資料表的限制式 `return_order`
--
ALTER TABLE `return_order`
  ADD CONSTRAINT `return_order_ibfk_1` FOREIGN KEY (`order_id`) REFERENCES `orders` (`order_id`) ON DELETE CASCADE;

--
-- 資料表的限制式 `user_sessions`
--
ALTER TABLE `user_sessions`
  ADD CONSTRAINT `user_sessions_ibfk_1` FOREIGN KEY (`user_id`) REFERENCES `users` (`user_id`);
COMMIT;

/*!40101 SET CHARACTER_SET_CLIENT=@OLD_CHARACTER_SET_CLIENT */;
/*!40101 SET CHARACTER_SET_RESULTS=@OLD_CHARACTER_SET_RESULTS */;
/*!40101 SET COLLATION_CONNECTION=@OLD_COLLATION_CONNECTION */;
